#0 building with "default" instance using docker driver

#1 [internal] load build definition from Dockerfile
#1 transferring dockerfile: 4.13kB done
#1 DONE 0.0s

#2 [internal] load metadata for docker.io/library/ubuntu:22.04
#2 DONE 2.9s

#3 [internal] load .dockerignore
#3 transferring context: 2B done
#3 DONE 0.0s

#4 [ 1/17] FROM docker.io/library/ubuntu:22.04@sha256:c7eb020043d8fc2ae0793fb35a37bff1cf33f156d4d4b12ccc7f3ef8706c38b1
#4 resolve docker.io/library/ubuntu:22.04@sha256:c7eb020043d8fc2ae0793fb35a37bff1cf33f156d4d4b12ccc7f3ef8706c38b1 0.0s done
#4 DONE 0.1s

#5 [internal] load build context
#5 transferring context: 270.06kB done
#5 DONE 0.1s

#4 [ 1/17] FROM docker.io/library/ubuntu:22.04@sha256:c7eb020043d8fc2ae0793fb35a37bff1cf33f156d4d4b12ccc7f3ef8706c38b1
#4 sha256:6f4ebca3e823b18dac366f72e537b1772bc3522a5c7ae299d6491fb17378410e 0B / 29.54MB 0.2s
#4 sha256:6f4ebca3e823b18dac366f72e537b1772bc3522a5c7ae299d6491fb17378410e 2.10MB / 29.54MB 2.3s
#4 sha256:6f4ebca3e823b18dac366f72e537b1772bc3522a5c7ae299d6491fb17378410e 4.19MB / 29.54MB 3.0s
#4 sha256:6f4ebca3e823b18dac366f72e537b1772bc3522a5c7ae299d6491fb17378410e 6.29MB / 29.54MB 3.5s
#4 sha256:6f4ebca3e823b18dac366f72e537b1772bc3522a5c7ae299d6491fb17378410e 8.39MB / 29.54MB 4.4s
#4 sha256:6f4ebca3e823b18dac366f72e537b1772bc3522a5c7ae299d6491fb17378410e 10.49MB / 29.54MB 5.1s
#4 sha256:6f4ebca3e823b18dac366f72e537b1772bc3522a5c7ae299d6491fb17378410e 12.58MB / 29.54MB 6.2s
#4 sha256:6f4ebca3e823b18dac366f72e537b1772bc3522a5c7ae299d6491fb17378410e 14.68MB / 29.54MB 6.5s
#4 sha256:6f4ebca3e823b18dac366f72e537b1772bc3522a5c7ae299d6491fb17378410e 16.78MB / 29.54MB 7.1s
#4 sha256:6f4ebca3e823b18dac366f72e537b1772bc3522a5c7ae299d6491fb17378410e 18.87MB / 29.54MB 8.1s
#4 sha256:6f4ebca3e823b18dac366f72e537b1772bc3522a5c7ae299d6491fb17378410e 20.97MB / 29.54MB 8.7s
#4 sha256:6f4ebca3e823b18dac366f72e537b1772bc3522a5c7ae299d6491fb17378410e 23.07MB / 29.54MB 9.6s
#4 sha256:6f4ebca3e823b18dac366f72e537b1772bc3522a5c7ae299d6491fb17378410e 25.17MB / 29.54MB 10.7s
#4 sha256:6f4ebca3e823b18dac366f72e537b1772bc3522a5c7ae299d6491fb17378410e 27.26MB / 29.54MB 11.4s
#4 sha256:6f4ebca3e823b18dac366f72e537b1772bc3522a5c7ae299d6491fb17378410e 29.54MB / 29.54MB 12.1s done
#4 extracting sha256:6f4ebca3e823b18dac366f72e537b1772bc3522a5c7ae299d6491fb17378410e
#4 extracting sha256:6f4ebca3e823b18dac366f72e537b1772bc3522a5c7ae299d6491fb17378410e 1.7s done
#4 DONE 13.9s

#6 [ 2/17] RUN apt-get update && apt-get install -y     python3     python3-pip     python3-venv     git     curl     wget     vim     nano     htop     tree     ripgrep     fd-find     neofetch     figlet     lolcat     bash-completion     sudo     && rm -rf /var/lib/apt/lists/*
#6 0.753 Get:1 http://security.ubuntu.com/ubuntu jammy-security InRelease [129 kB]
#6 1.065 Get:2 http://archive.ubuntu.com/ubuntu jammy InRelease [270 kB]
#6 1.554 Get:3 http://security.ubuntu.com/ubuntu jammy-security/restricted amd64 Packages [6468 kB]
#6 2.582 Get:4 http://archive.ubuntu.com/ubuntu jammy-updates InRelease [128 kB]
#6 3.850 Get:5 http://archive.ubuntu.com/ubuntu jammy-backports InRelease [127 kB]
#6 4.033 Get:6 http://security.ubuntu.com/ubuntu jammy-security/main amd64 Packages [3708 kB]
#6 4.963 Get:7 http://archive.ubuntu.com/ubuntu jammy/restricted amd64 Packages [164 kB]
#6 5.240 Get:8 http://security.ubuntu.com/ubuntu jammy-security/universe amd64 Packages [1298 kB]
#6 5.641 Get:9 http://archive.ubuntu.com/ubuntu jammy/multiverse amd64 Packages [266 kB]
#6 5.710 Get:10 http://security.ubuntu.com/ubuntu jammy-security/multiverse amd64 Packages [62.6 kB]
#6 5.918 Get:11 http://archive.ubuntu.com/ubuntu jammy/main amd64 Packages [1792 kB]
#6 8.534 Get:12 http://archive.ubuntu.com/ubuntu jammy/universe amd64 Packages [17.5 MB]
#6 21.09 Get:13 http://archive.ubuntu.com/ubuntu jammy-updates/restricted amd64 Packages [6678 kB]
#6 23.72 Get:14 http://archive.ubuntu.com/ubuntu jammy-updates/main amd64 Packages [4040 kB]
#6 25.85 Get:15 http://archive.ubuntu.com/ubuntu jammy-updates/universe amd64 Packages [1610 kB]
#6 26.81 Get:16 http://archive.ubuntu.com/ubuntu jammy-updates/multiverse amd64 Packages [70.9 kB]
#6 26.82 Get:17 http://archive.ubuntu.com/ubuntu jammy-backports/universe amd64 Packages [37.2 kB]
#6 26.82 Get:18 http://archive.ubuntu.com/ubuntu jammy-backports/main amd64 Packages [83.9 kB]
#6 26.93 Fetched 44.4 MB in 27s (1668 kB/s)
#6 26.93 Reading package lists...
#6 28.60 Reading package lists...
#6 30.51 Building dependency tree...
#6 30.82 Reading state information...
#6 31.23 The following additional packages will be installed:
#6 31.23   binutils binutils-common binutils-x86-64-linux-gnu build-essential bzip2
#6 31.23   ca-certificates caca-utils chafa cpp cpp-11 dbus dirmngr dpkg-dev fakeroot
#6 31.23   fontconfig fontconfig-config fonts-dejavu-core fonts-droid-fallback
#6 31.23   fonts-lato fonts-noto-mono fonts-urw-base35 g++ g++-11 gcc gcc-11
#6 31.23   gcc-11-base ghostscript git-man gnupg gnupg-l10n gnupg-utils gpg gpg-agent
#6 31.23   gpg-wks-client gpg-wks-server gpgconf gpgsm gsfonts hicolor-icon-theme
#6 31.23   imagemagick imagemagick-6-common imagemagick-6.q16 javascript-common jp2a
#6 31.23   less libalgorithm-diff-perl libalgorithm-diff-xs-perl
#6 31.23   libalgorithm-merge-perl libaom3 libapparmor1 libasan6 libassuan0 libatomic1
#6 31.23   libavahi-client3 libavahi-common-data libavahi-common3 libbinutils
#6 31.23   libbrotli1 libbsd0 libc-dev-bin libc-devtools libc6 libc6-dev libcaca0
#6 31.23   libcairo2 libcbor0.8 libcc1-0 libchafa0 libcrypt-dev libctf-nobfd0 libctf0
#6 31.23   libcups2 libcurl3-gnutls libcurl4 libdatrie1 libdav1d5 libdbus-1-3
#6 31.23   libde265-0 libdeflate0 libdjvulibre-text libdjvulibre21 libdpkg-perl
#6 31.23   libedit2 liberror-perl libexpat1 libexpat1-dev libfakeroot libfftw3-double3
#6 31.23   libfido2-1 libfile-fcntllock-perl libfontconfig1 libfreetype6 libfribidi0
#6 31.23   libgc1 libgcc-11-dev libgd3 libgdbm-compat4 libgdbm6 libgif7 libglib2.0-0
#6 31.23   libglib2.0-data libgomp1 libgpm2 libgraphite2-3 libgs9 libgs9-common
#6 31.23   libharfbuzz0b libheif1 libicu70 libid3tag0 libidn12 libijs-0.35 libilmbase25
#6 31.23   libimlib2 libisl23 libitm1 libjbig0 libjbig2dec0 libjpeg-turbo8 libjpeg8
#6 31.23   libjs-jquery libjs-sphinxdoc libjs-underscore libjxr-tools libjxr0 libkmod2
#6 31.23   libksba8 liblcms2-2 libldap-2.5-0 libldap-common liblocale-gettext-perl
#6 31.23   liblqr-1-0 liblsan0 libltdl7 libmagickcore-6.q16-6
#6 31.23   libmagickcore-6.q16-6-extra libmagickwand-6.q16-6 libmd0 libmpc3 libmpdec3
#6 31.23   libmpfr6 libnetpbm10 libnghttp2-14 libnl-3-200 libnl-genl-3-200 libnpth0
#6 31.23   libnsl-dev libnuma1 libopenexr25 libopenjp2-7 libpango-1.0-0
#6 31.23   libpangocairo-1.0-0 libpangoft2-1.0-0 libpaper-utils libpaper1 libpci3
#6 31.23   libperl5.34 libpixman-1-0 libpng16-16 libpsl5 libpython3-dev
#6 31.23   libpython3-stdlib libpython3.10 libpython3.10-dev libpython3.10-minimal
#6 31.23   libpython3.10-stdlib libquadmath0 libreadline8 librtmp1 libruby3.0
#6 31.23   libsasl2-2 libsasl2-modules libsasl2-modules-db libsixel-bin libsixel1
#6 31.23   libslang2 libsodium23 libsqlite3-0 libssh-4 libstdc++-11-dev libthai-data
#6 31.23   libthai0 libtiff5 libtirpc-dev libtsan0 libubsan1 libwebp7 libwebpdemux2
#6 31.23   libwebpmux3 libwmflite-0.2-7 libx11-6 libx11-data libx11-xcb1 libx265-199
#6 31.23   libxau6 libxcb-render0 libxcb-shm0 libxcb1 libxdmcp6 libxext6 libxml2
#6 31.23   libxmuu1 libxpm4 libxrender1 libyaml-0-2 linux-libc-dev lto-disabled-list
#6 31.23   make manpages manpages-dev media-types netbase netpbm openssh-client openssl
#6 31.23   patch pci.ids pciutils perl perl-modules-5.34 pinentry-curses poppler-data
#6 31.23   publicsuffix python3-dev python3-distutils python3-lib2to3 python3-minimal
#6 31.23   python3-pip-whl python3-pkg-resources python3-setuptools
#6 31.23   python3-setuptools-whl python3-wheel python3.10 python3.10-dev
#6 31.23   python3.10-minimal python3.10-venv rake readline-common rpcsvc-proto ruby
#6 31.23   ruby-net-telnet ruby-optimist ruby-paint ruby-rubygems ruby-webrick
#6 31.23   ruby-xmlrpc ruby3.0 rubygems-integration shared-mime-info toilet
#6 31.23   toilet-fonts ucf unzip vim-common vim-runtime w3m w3m-img xauth
#6 31.23   xdg-user-dirs xxd xz-utils zip zlib1g-dev
#6 31.24 Suggested packages:
#6 31.24   binutils-doc bzip2-doc cpp-doc gcc-11-locales default-dbus-session-bus
#6 31.24   | dbus-session-bus dbus-user-session libpam-systemd pinentry-gnome3 tor
#6 31.24   debian-keyring fonts-noto fonts-freefont-otf | fonts-freefont-ttf
#6 31.24   fonts-texgyre g++-multilib g++-11-multilib gcc-11-doc gcc-multilib autoconf
#6 31.24   automake libtool flex bison gdb gcc-doc gcc-11-multilib ghostscript-x
#6 31.24   gettext-base git-daemon-run | git-daemon-sysvinit git-doc git-email git-gui
#6 31.24   gitk gitweb git-cvs git-mediawiki git-svn parcimonie xloadimage scdaemon
#6 31.24   lm-sensors lsof strace imagemagick-doc autotrace cups-bsd | lpr | lprng
#6 31.24   enscript ffmpeg gimp gnuplot grads graphviz groff-base hp2xx html2ps
#6 31.24   libwmf-bin mplayer povray radiance sane-utils texlive-base-bin transfig
#6 31.24   ufraw-batch xdg-utils apache2 | lighttpd | httpd glibc-doc locales
#6 31.24   cups-common bzr libfftw3-bin libfftw3-dev libgd-tools gdbm-l10n gpm
#6 31.24   liblcms2-utils inkscape libsasl2-modules-gssapi-mit
#6 31.24   | libsasl2-modules-gssapi-heimdal libsasl2-modules-ldap libsasl2-modules-otp
#6 31.24   libsasl2-modules-sql libstdc++-11-doc make-doc man-browser hunspell keychain
#6 31.24   libpam-ssh monkeysphere ssh-askpass ed diffutils-doc perl-doc
#6 31.24   libterm-readline-gnu-perl | libterm-readline-perl-perl
#6 31.24   libtap-harness-archive-perl pinentry-doc poppler-utils fonts-japanese-mincho
#6 31.24   | fonts-ipafont-mincho fonts-japanese-gothic | fonts-ipafont-gothic
#6 31.24   fonts-arphic-ukai fonts-arphic-uming fonts-nanum python3-doc python3-tk
#6 31.24   python-setuptools-doc python3.10-doc binfmt-support readline-doc ri ruby-dev
#6 31.24   bundler ctags vim-doc vim-scripts cmigemo dict dict-wn dictd man-db
#6 31.24   mime-support w3m-el xsel
#6 31.24 Recommended packages:
#6 31.24   libnss-nis libnss-nisplus
#6 32.47 The following NEW packages will be installed:
#6 32.47   bash-completion binutils binutils-common binutils-x86-64-linux-gnu
#6 32.47   build-essential bzip2 ca-certificates caca-utils chafa cpp cpp-11 curl dbus
#6 32.47   dirmngr dpkg-dev fakeroot fd-find figlet fontconfig fontconfig-config
#6 32.47   fonts-dejavu-core fonts-droid-fallback fonts-lato fonts-noto-mono
#6 32.47   fonts-urw-base35 g++ g++-11 gcc gcc-11 gcc-11-base ghostscript git git-man
#6 32.47   gnupg gnupg-l10n gnupg-utils gpg gpg-agent gpg-wks-client gpg-wks-server
#6 32.47   gpgconf gpgsm gsfonts hicolor-icon-theme htop imagemagick
#6 32.47   imagemagick-6-common imagemagick-6.q16 javascript-common jp2a less
#6 32.47   libalgorithm-diff-perl libalgorithm-diff-xs-perl libalgorithm-merge-perl
#6 32.47   libaom3 libapparmor1 libasan6 libassuan0 libatomic1 libavahi-client3
#6 32.47   libavahi-common-data libavahi-common3 libbinutils libbrotli1 libbsd0
#6 32.47   libc-dev-bin libc-devtools libc6-dev libcaca0 libcairo2 libcbor0.8 libcc1-0
#6 32.47   libchafa0 libcrypt-dev libctf-nobfd0 libctf0 libcups2 libcurl3-gnutls
#6 32.47   libcurl4 libdatrie1 libdav1d5 libdbus-1-3 libde265-0 libdeflate0
#6 32.47   libdjvulibre-text libdjvulibre21 libdpkg-perl libedit2 liberror-perl
#6 32.47   libexpat1 libexpat1-dev libfakeroot libfftw3-double3 libfido2-1
#6 32.47   libfile-fcntllock-perl libfontconfig1 libfreetype6 libfribidi0 libgc1
#6 32.47   libgcc-11-dev libgd3 libgdbm-compat4 libgdbm6 libgif7 libglib2.0-0
#6 32.47   libglib2.0-data libgomp1 libgpm2 libgraphite2-3 libgs9 libgs9-common
#6 32.47   libharfbuzz0b libheif1 libicu70 libid3tag0 libidn12 libijs-0.35 libilmbase25
#6 32.47   libimlib2 libisl23 libitm1 libjbig0 libjbig2dec0 libjpeg-turbo8 libjpeg8
#6 32.47   libjs-jquery libjs-sphinxdoc libjs-underscore libjxr-tools libjxr0 libkmod2
#6 32.47   libksba8 liblcms2-2 libldap-2.5-0 libldap-common liblocale-gettext-perl
#6 32.47   liblqr-1-0 liblsan0 libltdl7 libmagickcore-6.q16-6
#6 32.47   libmagickcore-6.q16-6-extra libmagickwand-6.q16-6 libmd0 libmpc3 libmpdec3
#6 32.47   libmpfr6 libnetpbm10 libnghttp2-14 libnl-3-200 libnl-genl-3-200 libnpth0
#6 32.47   libnsl-dev libnuma1 libopenexr25 libopenjp2-7 libpango-1.0-0
#6 32.47   libpangocairo-1.0-0 libpangoft2-1.0-0 libpaper-utils libpaper1 libpci3
#6 32.47   libperl5.34 libpixman-1-0 libpng16-16 libpsl5 libpython3-dev
#6 32.47   libpython3-stdlib libpython3.10 libpython3.10-dev libpython3.10-minimal
#6 32.47   libpython3.10-stdlib libquadmath0 libreadline8 librtmp1 libruby3.0
#6 32.47   libsasl2-2 libsasl2-modules libsasl2-modules-db libsixel-bin libsixel1
#6 32.47   libslang2 libsodium23 libsqlite3-0 libssh-4 libstdc++-11-dev libthai-data
#6 32.47   libthai0 libtiff5 libtirpc-dev libtsan0 libubsan1 libwebp7 libwebpdemux2
#6 32.47   libwebpmux3 libwmflite-0.2-7 libx11-6 libx11-data libx11-xcb1 libx265-199
#6 32.47   libxau6 libxcb-render0 libxcb-shm0 libxcb1 libxdmcp6 libxext6 libxml2
#6 32.47   libxmuu1 libxpm4 libxrender1 libyaml-0-2 linux-libc-dev lolcat
#6 32.47   lto-disabled-list make manpages manpages-dev media-types nano neofetch
#6 32.47   netbase netpbm openssh-client openssl patch pci.ids pciutils perl
#6 32.47   perl-modules-5.34 pinentry-curses poppler-data publicsuffix python3
#6 32.47   python3-dev python3-distutils python3-lib2to3 python3-minimal python3-pip
#6 32.47   python3-pip-whl python3-pkg-resources python3-setuptools
#6 32.47   python3-setuptools-whl python3-venv python3-wheel python3.10 python3.10-dev
#6 32.47   python3.10-minimal python3.10-venv rake readline-common ripgrep rpcsvc-proto
#6 32.47   ruby ruby-net-telnet ruby-optimist ruby-paint ruby-rubygems ruby-webrick
#6 32.47   ruby-xmlrpc ruby3.0 rubygems-integration shared-mime-info sudo toilet
#6 32.47   toilet-fonts tree ucf unzip vim vim-common vim-runtime w3m w3m-img wget
#6 32.47   xauth xdg-user-dirs xxd xz-utils zip zlib1g-dev
#6 32.47 The following packages will be upgraded:
#6 32.47   libc6
#6 33.08 1 upgraded, 279 newly installed, 0 to remove and 3 not upgraded.
#6 33.08 Need to get 185 MB of archives.
#6 33.08 After this operation, 662 MB of additional disk space will be used.
#6 33.08 Get:1 http://archive.ubuntu.com/ubuntu jammy-updates/main amd64 libc6 amd64 2.35-0ubuntu3.13 [3235 kB]
#6 36.06 Get:2 http://archive.ubuntu.com/ubuntu jammy/main amd64 liblocale-gettext-perl amd64 1.07-4build3 [17.1 kB]
#6 36.07 Get:3 http://archive.ubuntu.com/ubuntu jammy-updates/main amd64 libpython3.10-minimal amd64 3.10.12-1~22.04.14 [816 kB]
#6 38.00 Get:4 http://archive.ubuntu.com/ubuntu jammy-updates/main amd64 libexpat1 amd64 2.4.7-1ubuntu0.7 [92.1 kB]
#6 38.00 Get:5 http://archive.ubuntu.com/ubuntu jammy-updates/main amd64 python3.10-minimal amd64 3.10.12-1~22.04.14 [2275 kB]
#6 38.03 Get:6 http://archive.ubuntu.com/ubuntu jammy-updates/main amd64 python3-minimal amd64 3.10.6-1~22.04.1 [24.3 kB]
#6 38.03 Get:7 http://archive.ubuntu.com/ubuntu jammy/main amd64 media-types all 7.0.0 [25.5 kB]
#6 38.03 Get:8 http://archive.ubuntu.com/ubuntu jammy/main amd64 libmpdec3 amd64 2.5.1-2build2 [86.8 kB]
#6 38.03 Get:9 http://archive.ubuntu.com/ubuntu jammy/main amd64 readline-common all 8.1.2-1 [53.5 kB]
#6 38.03 Get:10 http://archive.ubuntu.com/ubuntu jammy/main amd64 libreadline8 amd64 8.1.2-1 [153 kB]
#6 38.04 Get:11 http://archive.ubuntu.com/ubuntu jammy-updates/main amd64 libsqlite3-0 amd64 3.37.2-2ubuntu0.5 [643 kB]
#6 38.32 Get:12 http://archive.ubuntu.com/ubuntu jammy-updates/main amd64 libpython3.10-stdlib amd64 3.10.12-1~22.04.14 [1850 kB]
#6 38.34 Get:13 http://archive.ubuntu.com/ubuntu jammy-updates/main amd64 python3.10 amd64 3.10.12-1~22.04.14 [509 kB]
#6 39.11 Get:14 http://archive.ubuntu.com/ubuntu jammy-updates/main amd64 libpython3-stdlib amd64 3.10.6-1~22.04.1 [6812 B]
#6 39.11 Get:15 http://archive.ubuntu.com/ubuntu jammy-updates/main amd64 python3 amd64 3.10.6-1~22.04.1 [22.8 kB]
#6 39.11 Get:16 http://archive.ubuntu.com/ubuntu jammy/main amd64 fonts-droid-fallback all 1:6.0.1r16-1.1build1 [1805 kB]
#6 40.42 Get:17 http://archive.ubuntu.com/ubuntu jammy/main amd64 fonts-lato all 2.0-2.1 [2696 kB]
#6 41.27 Get:18 http://archive.ubuntu.com/ubuntu jammy-updates/main amd64 libgomp1 amd64 12.3.0-1ubuntu1~22.04.2 [127 kB]
#6 41.27 Get:19 http://archive.ubuntu.com/ubuntu jammy/main amd64 libfftw3-double3 amd64 3.3.8-2ubuntu8 [770 kB]
#6 41.29 Get:20 http://archive.ubuntu.com/ubuntu jammy/main amd64 libbrotli1 amd64 1.0.9-2build6 [315 kB]
#6 41.29 Get:21 http://archive.ubuntu.com/ubuntu jammy-updates/main amd64 libpng16-16 amd64 1.6.37-3ubuntu0.3 [192 kB]
#6 41.29 Get:22 http://archive.ubuntu.com/ubuntu jammy-updates/main amd64 libfreetype6 amd64 2.11.1+dfsg-1ubuntu0.3 [388 kB]
#6 41.30 Get:23 http://archive.ubuntu.com/ubuntu jammy/main amd64 ucf all 3.0043 [56.1 kB]
#6 41.30 Get:24 http://archive.ubuntu.com/ubuntu jammy/main amd64 fonts-dejavu-core all 2.37-2build1 [1041 kB]
#6 41.31 Get:25 http://archive.ubuntu.com/ubuntu jammy/main amd64 fonts-urw-base35 all 20200910-1 [6367 kB]
#6 43.60 Get:26 http://archive.ubuntu.com/ubuntu jammy/main amd64 fontconfig-config all 2.13.1-4.2ubuntu5 [29.1 kB]
#6 43.60 Get:27 http://archive.ubuntu.com/ubuntu jammy/main amd64 libfontconfig1 amd64 2.13.1-4.2ubuntu5 [131 kB]
#6 43.60 Get:28 http://archive.ubuntu.com/ubuntu jammy-updates/universe amd64 libaom3 amd64 3.3.0-1ubuntu0.1 [1748 kB]
#6 43.68 Get:29 http://archive.ubuntu.com/ubuntu jammy/universe amd64 libdav1d5 amd64 0.9.2-1 [463 kB]
#6 43.68 Get:30 http://archive.ubuntu.com/ubuntu jammy-updates/universe amd64 libde265-0 amd64 1.0.8-1ubuntu0.3 [290 kB]
#6 43.69 Get:31 http://archive.ubuntu.com/ubuntu jammy/main amd64 libnuma1 amd64 2.0.14-3ubuntu2 [22.5 kB]
#6 43.69 Get:32 http://archive.ubuntu.com/ubuntu jammy/universe amd64 libx265-199 amd64 3.5-2 [1170 kB]
#6 44.31 Get:33 http://archive.ubuntu.com/ubuntu jammy/universe amd64 libheif1 amd64 1.12.0-2build1 [196 kB]
#6 45.62 Get:34 http://archive.ubuntu.com/ubuntu jammy-updates/main amd64 libjbig0 amd64 2.1-3.1ubuntu0.22.04.1 [29.2 kB]
#6 45.93 Get:35 http://archive.ubuntu.com/ubuntu jammy/main amd64 libjpeg-turbo8 amd64 2.1.2-0ubuntu1 [134 kB]
#6 46.43 Get:36 http://archive.ubuntu.com/ubuntu jammy/main amd64 libjpeg8 amd64 8c-2ubuntu10 [2264 B]
#6 46.69 Get:37 http://archive.ubuntu.com/ubuntu jammy/main amd64 liblcms2-2 amd64 2.12~rc1-2build2 [159 kB]
#6 47.12 Get:38 http://archive.ubuntu.com/ubuntu jammy-updates/main amd64 libglib2.0-0 amd64 2.72.4-0ubuntu2.9 [1467 kB]
#6 48.44 Get:39 http://archive.ubuntu.com/ubuntu jammy/universe amd64 liblqr-1-0 amd64 0.4.2-2.1 [27.7 kB]
#6 48.69 Get:40 http://archive.ubuntu.com/ubuntu jammy/main amd64 libltdl7 amd64 2.4.6-15build2 [39.6 kB]
#6 48.95 Get:41 http://archive.ubuntu.com/ubuntu jammy-updates/main amd64 libopenjp2-7 amd64 2.4.0-6ubuntu0.4 [158 kB]
#6 49.59 Get:42 http://archive.ubuntu.com/ubuntu jammy/main amd64 libdeflate0 amd64 1.10-2 [70.9 kB]
#6 51.64 Get:43 http://archive.ubuntu.com/ubuntu jammy-updates/main amd64 libwebp7 amd64 1.2.2-2ubuntu0.22.04.2 [206 kB]
#6 52.78 Get:44 http://archive.ubuntu.com/ubuntu jammy-updates/main amd64 libtiff5 amd64 4.3.0-6ubuntu0.12 [185 kB]
#6 53.58 Get:45 http://archive.ubuntu.com/ubuntu jammy-updates/main amd64 libwebpdemux2 amd64 1.2.2-2ubuntu0.22.04.2 [9964 B]
#6 54.12 Get:46 http://archive.ubuntu.com/ubuntu jammy-updates/main amd64 libwebpmux3 amd64 1.2.2-2ubuntu0.22.04.2 [20.5 kB]
#6 54.66 Get:47 http://archive.ubuntu.com/ubuntu jammy/main amd64 libxau6 amd64 1:1.0.9-1build5 [7634 B]
#6 54.95 Get:48 http://archive.ubuntu.com/ubuntu jammy/main amd64 libmd0 amd64 1.0.4-1build1 [23.0 kB]
#6 55.32 Get:49 http://archive.ubuntu.com/ubuntu jammy/main amd64 libbsd0 amd64 0.11.5-1 [44.8 kB]
#6 55.79 Get:50 http://archive.ubuntu.com/ubuntu jammy/main amd64 libxdmcp6 amd64 1:1.1.3-0ubuntu5 [10.9 kB]
#6 56.06 Get:51 http://archive.ubuntu.com/ubuntu jammy/main amd64 libxcb1 amd64 1.14-3ubuntu3 [49.0 kB]
#6 56.47 Get:52 http://archive.ubuntu.com/ubuntu jammy-updates/main amd64 libx11-data all 2:1.7.5-1ubuntu0.3 [120 kB]
#6 57.05 Get:53 http://archive.ubuntu.com/ubuntu jammy-updates/main amd64 libx11-6 amd64 2:1.7.5-1ubuntu0.3 [667 kB]
#6 58.17 Get:54 http://archive.ubuntu.com/ubuntu jammy/main amd64 libxext6 amd64 2:1.3.4-1build1 [31.8 kB]
#6 58.42 Get:55 http://archive.ubuntu.com/ubuntu jammy/main amd64 libicu70 amd64 70.1-2 [10.6 MB]
#6 62.41 Get:56 http://archive.ubuntu.com/ubuntu jammy-updates/main amd64 libxml2 amd64 2.9.13+dfsg-1ubuntu0.11 [765 kB]
#6 66.66 Get:57 http://archive.ubuntu.com/ubuntu jammy-updates/universe amd64 imagemagick-6-common all 8:6.9.11.60+dfsg-1.3ubuntu0.22.04.5 [64.3 kB]
#6 66.93 Get:58 http://archive.ubuntu.com/ubuntu jammy-updates/universe amd64 libmagickcore-6.q16-6 amd64 8:6.9.11.60+dfsg-1.3ubuntu0.22.04.5 [1795 kB]
#6 68.06 Get:59 http://archive.ubuntu.com/ubuntu jammy-updates/universe amd64 libmagickwand-6.q16-6 amd64 8:6.9.11.60+dfsg-1.3ubuntu0.22.04.5 [328 kB]
#6 68.62 Get:60 http://archive.ubuntu.com/ubuntu jammy-updates/main amd64 perl-modules-5.34 all 5.34.0-3ubuntu1.5 [2977 kB]
#6 70.11 Get:61 http://archive.ubuntu.com/ubuntu jammy/main amd64 libgdbm6 amd64 1.23-1 [33.9 kB]
#6 70.35 Get:62 http://archive.ubuntu.com/ubuntu jammy/main amd64 libgdbm-compat4 amd64 1.23-1 [6606 B]
#6 70.60 Get:63 http://archive.ubuntu.com/ubuntu jammy-updates/main amd64 libperl5.34 amd64 5.34.0-3ubuntu1.5 [4797 kB]
#6 74.41 Get:64 http://archive.ubuntu.com/ubuntu jammy-updates/main amd64 perl amd64 5.34.0-3ubuntu1.5 [232 kB]
#6 76.11 Get:65 http://archive.ubuntu.com/ubuntu jammy/main amd64 poppler-data all 0.4.11-1 [2171 kB]
#6 78.33 Get:66 http://archive.ubuntu.com/ubuntu jammy-updates/main amd64 openssl amd64 3.0.2-0ubuntu1.21 [1184 kB]
#6 79.78 Get:67 http://archive.ubuntu.com/ubuntu jammy-updates/main amd64 ca-certificates all 20240203~22.04.1 [162 kB]
#6 80.23 Get:68 http://archive.ubuntu.com/ubuntu jammy-updates/main amd64 libapparmor1 amd64 3.0.4-2ubuntu2.5 [39.6 kB]
#6 82.17 Get:69 http://archive.ubuntu.com/ubuntu jammy-updates/main amd64 libdbus-1-3 amd64 1.12.20-2ubuntu4.1 [189 kB]
#6 83.03 Get:70 http://archive.ubuntu.com/ubuntu jammy-updates/main amd64 dbus amd64 1.12.20-2ubuntu4.1 [158 kB]
#6 83.36 Get:71 http://archive.ubuntu.com/ubuntu jammy-updates/main amd64 less amd64 590-1ubuntu0.22.04.3 [142 kB]
#6 83.95 Get:72 http://archive.ubuntu.com/ubuntu jammy-updates/main amd64 libfribidi0 amd64 1.0.8-2ubuntu3.1 [26.1 kB]
#6 84.20 Get:73 http://archive.ubuntu.com/ubuntu jammy-updates/main amd64 libglib2.0-data all 2.72.4-0ubuntu2.9 [5088 B]
#6 84.45 Get:74 http://archive.ubuntu.com/ubuntu jammy/main amd64 libkmod2 amd64 29-1ubuntu1 [48.0 kB]
#6 84.74 Get:75 http://archive.ubuntu.com/ubuntu jammy/main amd64 libslang2 amd64 2.3.2-5build4 [468 kB]
#6 85.49 Get:76 http://archive.ubuntu.com/ubuntu jammy/main amd64 libyaml-0-2 amd64 0.2.2-1build2 [51.6 kB]
#6 85.84 Get:77 http://archive.ubuntu.com/ubuntu jammy/main amd64 netbase all 6.3 [12.9 kB]
#6 86.12 Get:78 http://archive.ubuntu.com/ubuntu jammy-updates/main amd64 python3-pkg-resources all 59.6.0-1.2ubuntu0.22.04.3 [133 kB]
#6 86.63 Get:79 http://archive.ubuntu.com/ubuntu jammy/main amd64 shared-mime-info amd64 2.1-2 [454 kB]
#6 87.74 Get:80 http://archive.ubuntu.com/ubuntu jammy-updates/main amd64 sudo amd64 1.9.9-1ubuntu2.5 [820 kB]
#6 89.21 Get:81 http://archive.ubuntu.com/ubuntu jammy-updates/main amd64 xxd amd64 2:8.2.3995-1ubuntu2.24 [51.4 kB]
#6 89.53 Get:82 http://archive.ubuntu.com/ubuntu jammy-updates/main amd64 vim-common all 2:8.2.3995-1ubuntu2.24 [81.5 kB]
#6 89.87 Get:83 http://archive.ubuntu.com/ubuntu jammy/main amd64 xdg-user-dirs amd64 0.17-2ubuntu4 [53.9 kB]
#6 90.21 Get:84 http://archive.ubuntu.com/ubuntu jammy/main amd64 bash-completion all 1:2.11-5ubuntu1 [180 kB]
#6 90.66 Get:85 http://archive.ubuntu.com/ubuntu jammy/main amd64 libcbor0.8 amd64 0.8.0-2ubuntu1 [24.6 kB]
#6 90.92 Get:86 http://archive.ubuntu.com/ubuntu jammy/main amd64 libedit2 amd64 3.1-20210910-1build1 [96.8 kB]
#6 91.29 Get:87 http://archive.ubuntu.com/ubuntu jammy/main amd64 libfido2-1 amd64 1.10.0-1 [82.8 kB]
#6 92.39 Get:88 http://archive.ubuntu.com/ubuntu jammy-updates/main amd64 libnghttp2-14 amd64 1.43.0-1ubuntu0.2 [76.9 kB]
#6 92.69 Get:89 http://archive.ubuntu.com/ubuntu jammy-updates/main amd64 pci.ids all 0.0~2022.01.22-1ubuntu0.1 [251 kB]
#6 93.44 Get:90 http://archive.ubuntu.com/ubuntu jammy/main amd64 libpci3 amd64 1:3.7.0-6 [28.9 kB]
#6 93.68 Get:91 http://archive.ubuntu.com/ubuntu jammy/main amd64 libpsl5 amd64 0.21.0-1.2build2 [58.4 kB]
#6 93.99 Get:92 http://archive.ubuntu.com/ubuntu jammy/main amd64 libxmuu1 amd64 2:1.1.3-3 [10.2 kB]
#6 94.27 Get:93 http://archive.ubuntu.com/ubuntu jammy/main amd64 manpages all 5.10-1ubuntu1 [1375 kB]
#6 95.87 Get:94 http://archive.ubuntu.com/ubuntu jammy-updates/main amd64 nano amd64 6.2-1ubuntu0.1 [280 kB]
#6 96.37 Get:95 http://archive.ubuntu.com/ubuntu jammy-updates/main amd64 openssh-client amd64 1:8.9p1-3ubuntu0.13 [903 kB]
#6 97.35 Get:96 http://archive.ubuntu.com/ubuntu jammy/main amd64 pciutils amd64 1:3.7.0-6 [63.6 kB]
#6 97.65 Get:97 http://archive.ubuntu.com/ubuntu jammy/main amd64 publicsuffix all 20211207.1025-1 [129 kB]
#6 97.99 Get:98 http://archive.ubuntu.com/ubuntu jammy-updates/main amd64 wget amd64 1.21.2-2ubuntu1.1 [339 kB]
#6 98.49 Get:99 http://archive.ubuntu.com/ubuntu jammy/main amd64 xauth amd64 1:1.1-1build2 [27.5 kB]
#6 99.11 Get:100 http://archive.ubuntu.com/ubuntu jammy/main amd64 xz-utils amd64 5.2.5-2ubuntu1 [84.8 kB]
#6 99.50 Get:101 http://archive.ubuntu.com/ubuntu jammy-updates/main amd64 binutils-common amd64 2.38-4ubuntu2.12 [223 kB]
#6 99.92 Get:102 http://archive.ubuntu.com/ubuntu jammy-updates/main amd64 libbinutils amd64 2.38-4ubuntu2.12 [663 kB]
#6 100.6 Get:103 http://archive.ubuntu.com/ubuntu jammy-updates/main amd64 libctf-nobfd0 amd64 2.38-4ubuntu2.12 [108 kB]
#6 100.9 Get:104 http://archive.ubuntu.com/ubuntu jammy-updates/main amd64 libctf0 amd64 2.38-4ubuntu2.12 [103 kB]
#6 101.2 Get:105 http://archive.ubuntu.com/ubuntu jammy-updates/main amd64 binutils-x86-64-linux-gnu amd64 2.38-4ubuntu2.12 [2324 kB]
#6 103.1 Get:106 http://archive.ubuntu.com/ubuntu jammy-updates/main amd64 binutils amd64 2.38-4ubuntu2.12 [3184 B]
#6 103.8 Get:107 http://archive.ubuntu.com/ubuntu jammy-updates/main amd64 libc-dev-bin amd64 2.35-0ubuntu3.13 [20.3 kB]
#6 104.1 Get:108 http://archive.ubuntu.com/ubuntu jammy-updates/main amd64 linux-libc-dev amd64 5.15.0-170.180 [1324 kB]
#6 105.8 Get:109 http://archive.ubuntu.com/ubuntu jammy/main amd64 libcrypt-dev amd64 1:4.4.27-1 [112 kB]
#6 106.9 Get:110 http://archive.ubuntu.com/ubuntu jammy/main amd64 rpcsvc-proto amd64 1.4.2-0ubuntu6 [68.5 kB]
#6 107.3 Get:111 http://archive.ubuntu.com/ubuntu jammy-updates/main amd64 libtirpc-dev amd64 1.3.2-2ubuntu0.1 [192 kB]
#6 107.9 Get:112 http://archive.ubuntu.com/ubuntu jammy/main amd64 libnsl-dev amd64 1.3.0-2build2 [71.3 kB]
#6 108.2 Get:113 http://archive.ubuntu.com/ubuntu jammy-updates/main amd64 libc6-dev amd64 2.35-0ubuntu3.13 [2101 kB]
#6 109.5 Get:114 http://archive.ubuntu.com/ubuntu jammy-updates/main amd64 gcc-11-base amd64 11.4.0-1ubuntu1~22.04.2 [20.8 kB]
#6 109.9 Get:115 http://archive.ubuntu.com/ubuntu jammy/main amd64 libisl23 amd64 0.24-2build1 [727 kB]
#6 122.7 Get:116 http://archive.ubuntu.com/ubuntu jammy/main amd64 libmpfr6 amd64 4.1.0-3build3 [1425 kB]
#6 125.9 Get:117 http://archive.ubuntu.com/ubuntu jammy/main amd64 libmpc3 amd64 1.2.1-2build1 [46.9 kB]
#6 126.2 Get:118 http://archive.ubuntu.com/ubuntu jammy-updates/main amd64 cpp-11 amd64 11.4.0-1ubuntu1~22.04.2 [10.0 MB]
#6 130.5 Get:119 http://archive.ubuntu.com/ubuntu jammy/main amd64 cpp amd64 4:11.2.0-1ubuntu1 [27.7 kB]
#6 130.8 Get:120 http://archive.ubuntu.com/ubuntu jammy-updates/main amd64 libcc1-0 amd64 12.3.0-1ubuntu1~22.04.2 [48.3 kB]
#6 131.1 Get:121 http://archive.ubuntu.com/ubuntu jammy-updates/main amd64 libitm1 amd64 12.3.0-1ubuntu1~22.04.2 [30.2 kB]
#6 131.4 Get:122 http://archive.ubuntu.com/ubuntu jammy-updates/main amd64 libatomic1 amd64 12.3.0-1ubuntu1~22.04.2 [10.4 kB]
#6 131.7 Get:123 http://archive.ubuntu.com/ubuntu jammy-updates/main amd64 libasan6 amd64 11.4.0-1ubuntu1~22.04.2 [2283 kB]
#6 132.8 Get:124 http://archive.ubuntu.com/ubuntu jammy-updates/main amd64 liblsan0 amd64 12.3.0-1ubuntu1~22.04.2 [1069 kB]
#6 133.7 Get:125 http://archive.ubuntu.com/ubuntu jammy-updates/main amd64 libtsan0 amd64 11.4.0-1ubuntu1~22.04.2 [2262 kB]
#6 135.0 Get:126 http://archive.ubuntu.com/ubuntu jammy-updates/main amd64 libubsan1 amd64 12.3.0-1ubuntu1~22.04.2 [976 kB]
#6 135.9 Get:127 http://archive.ubuntu.com/ubuntu jammy-updates/main amd64 libquadmath0 amd64 12.3.0-1ubuntu1~22.04.2 [154 kB]
#6 136.9 Get:128 http://archive.ubuntu.com/ubuntu jammy-updates/main amd64 libgcc-11-dev amd64 11.4.0-1ubuntu1~22.04.2 [2517 kB]
#6 138.8 Get:129 http://archive.ubuntu.com/ubuntu jammy-updates/main amd64 gcc-11 amd64 11.4.0-1ubuntu1~22.04.2 [20.1 MB]
#6 146.6 Get:130 http://archive.ubuntu.com/ubuntu jammy/main amd64 gcc amd64 4:11.2.0-1ubuntu1 [5112 B]
#6 146.8 Get:131 http://archive.ubuntu.com/ubuntu jammy-updates/main amd64 libstdc++-11-dev amd64 11.4.0-1ubuntu1~22.04.2 [2101 kB]
#6 148.0 Get:132 http://archive.ubuntu.com/ubuntu jammy-updates/main amd64 g++-11 amd64 11.4.0-1ubuntu1~22.04.2 [11.4 MB]
#6 152.1 Get:133 http://archive.ubuntu.com/ubuntu jammy/main amd64 g++ amd64 4:11.2.0-1ubuntu1 [1412 B]
#6 154.5 Get:134 http://archive.ubuntu.com/ubuntu jammy/main amd64 make amd64 4.3-4.1build1 [180 kB]
#6 156.5 Get:135 http://archive.ubuntu.com/ubuntu jammy-updates/main amd64 libdpkg-perl all 1.21.1ubuntu2.6 [237 kB]
#6 157.6 Get:136 http://archive.ubuntu.com/ubuntu jammy/main amd64 bzip2 amd64 1.0.8-5build1 [34.8 kB]
#6 157.8 Get:137 http://archive.ubuntu.com/ubuntu jammy/main amd64 patch amd64 2.7.6-7build2 [109 kB]
#6 158.1 Get:138 http://archive.ubuntu.com/ubuntu jammy/main amd64 lto-disabled-list all 24 [12.5 kB]
#6 158.3 Get:139 http://archive.ubuntu.com/ubuntu jammy-updates/main amd64 dpkg-dev all 1.21.1ubuntu2.6 [922 kB]
#6 159.1 Get:140 http://archive.ubuntu.com/ubuntu jammy/main amd64 build-essential amd64 12.9ubuntu3 [4744 B]
#6 159.3 Get:141 http://archive.ubuntu.com/ubuntu jammy-updates/main amd64 libcaca0 amd64 0.99.beta19-2.2ubuntu4.1 [224 kB]
#6 159.6 Get:142 http://archive.ubuntu.com/ubuntu jammy-updates/main amd64 libgif7 amd64 5.1.9-2ubuntu0.1 [33.9 kB]
#6 160.0 Get:143 http://archive.ubuntu.com/ubuntu jammy/universe amd64 libid3tag0 amd64 0.15.1b-14 [31.3 kB]
#6 160.2 Get:144 http://archive.ubuntu.com/ubuntu jammy-updates/main amd64 libx11-xcb1 amd64 2:1.7.5-1ubuntu0.3 [7802 B]
#6 160.4 Get:145 http://archive.ubuntu.com/ubuntu jammy/main amd64 libxcb-shm0 amd64 1.14-3ubuntu3 [5780 B]
#6 160.6 Get:146 http://archive.ubuntu.com/ubuntu jammy/universe amd64 libimlib2 amd64 1.7.4-1build1 [195 kB]
#6 161.1 Get:147 http://archive.ubuntu.com/ubuntu jammy-updates/universe amd64 caca-utils amd64 0.99.beta19-2.2ubuntu4.1 [57.2 kB]
#6 161.4 Get:148 http://archive.ubuntu.com/ubuntu jammy/universe amd64 libchafa0 amd64 1.8.0-1 [88.3 kB]
#6 161.9 Get:149 http://archive.ubuntu.com/ubuntu jammy/universe amd64 chafa amd64 1.8.0-1 [38.6 kB]
#6 162.1 Get:150 http://archive.ubuntu.com/ubuntu jammy-updates/main amd64 libsasl2-modules-db amd64 2.1.27+dfsg2-3ubuntu1.2 [20.5 kB]
#6 162.5 Get:151 http://archive.ubuntu.com/ubuntu jammy-updates/main amd64 libsasl2-2 amd64 2.1.27+dfsg2-3ubuntu1.2 [53.8 kB]
#6 162.7 Get:152 http://archive.ubuntu.com/ubuntu jammy-updates/main amd64 libldap-2.5-0 amd64 2.5.20+dfsg-0ubuntu0.22.04.1 [184 kB]
#6 163.2 Get:153 http://archive.ubuntu.com/ubuntu jammy/main amd64 librtmp1 amd64 2.4+20151223.gitfa8646d.1-2build4 [58.2 kB]
#6 163.4 Get:154 http://archive.ubuntu.com/ubuntu jammy-updates/main amd64 libssh-4 amd64 0.9.6-2ubuntu0.22.04.5 [187 kB]
#6 163.9 Get:155 http://archive.ubuntu.com/ubuntu jammy-updates/main amd64 libcurl4 amd64 7.81.0-1ubuntu1.21 [290 kB]
#6 164.6 Get:156 http://archive.ubuntu.com/ubuntu jammy-updates/main amd64 curl amd64 7.81.0-1ubuntu1.21 [194 kB]
#6 165.3 Get:157 http://archive.ubuntu.com/ubuntu jammy/main amd64 libassuan0 amd64 2.5.5-1build1 [38.2 kB]
#6 165.6 Get:158 http://archive.ubuntu.com/ubuntu jammy-updates/main amd64 gpgconf amd64 2.2.27-3ubuntu2.5 [94.3 kB]
#6 166.1 Get:159 http://archive.ubuntu.com/ubuntu jammy-updates/main amd64 libksba8 amd64 1.6.0-2ubuntu0.2 [119 kB]
#6 166.6 Get:160 http://archive.ubuntu.com/ubuntu jammy/main amd64 libnpth0 amd64 1.6-3build2 [8664 B]
#6 166.8 Get:161 http://archive.ubuntu.com/ubuntu jammy-updates/main amd64 dirmngr amd64 2.2.27-3ubuntu2.5 [293 kB]
#6 167.5 Get:162 http://archive.ubuntu.com/ubuntu jammy/main amd64 libfakeroot amd64 1.28-1ubuntu1 [31.5 kB]
#6 167.7 Get:163 http://archive.ubuntu.com/ubuntu jammy/main amd64 fakeroot amd64 1.28-1ubuntu1 [60.4 kB]
#6 168.1 Get:164 http://archive.ubuntu.com/ubuntu jammy-updates/universe amd64 fd-find amd64 8.3.1-1ubuntu0.1 [832 kB]
#6 169.6 Get:165 http://archive.ubuntu.com/ubuntu jammy/universe amd64 figlet amd64 2.2.5-3 [133 kB]
#6 169.9 Get:166 http://archive.ubuntu.com/ubuntu jammy/main amd64 fontconfig amd64 2.13.1-4.2ubuntu5 [177 kB]
#6 170.4 Get:167 http://archive.ubuntu.com/ubuntu jammy/main amd64 fonts-noto-mono all 20201225-1build1 [397 kB]
#6 171.5 Get:168 http://archive.ubuntu.com/ubuntu jammy-updates/main amd64 libgs9-common all 9.55.0~dfsg1-0ubuntu5.13 [753 kB]
#6 172.8 Get:169 http://archive.ubuntu.com/ubuntu jammy-updates/main amd64 libavahi-common-data amd64 0.8-5ubuntu5.4 [24.0 kB]
#6 173.3 Get:170 http://archive.ubuntu.com/ubuntu jammy-updates/main amd64 libavahi-common3 amd64 0.8-5ubuntu5.4 [23.9 kB]
#6 173.6 Get:171 http://archive.ubuntu.com/ubuntu jammy-updates/main amd64 libavahi-client3 amd64 0.8-5ubuntu5.4 [28.0 kB]
#6 173.8 Get:172 http://archive.ubuntu.com/ubuntu jammy-updates/main amd64 libcups2 amd64 2.4.1op1-1ubuntu4.16 [264 kB]
#6 174.3 Get:173 http://archive.ubuntu.com/ubuntu jammy-updates/main amd64 libidn12 amd64 1.38-4ubuntu1 [60.0 kB]
#6 174.6 Get:174 http://archive.ubuntu.com/ubuntu jammy/main amd64 libijs-0.35 amd64 0.35-15build2 [16.5 kB]
#6 174.8 Get:175 http://archive.ubuntu.com/ubuntu jammy/main amd64 libjbig2dec0 amd64 0.19-3build2 [64.7 kB]
#6 175.1 Get:176 http://archive.ubuntu.com/ubuntu jammy/main amd64 libpaper1 amd64 1.1.28build2 [13.8 kB]
#6 175.4 Get:177 http://archive.ubuntu.com/ubuntu jammy-updates/main amd64 libgs9 amd64 9.55.0~dfsg1-0ubuntu5.13 [5032 kB]
#6 181.4 Get:178 http://archive.ubuntu.com/ubuntu jammy-updates/main amd64 ghostscript amd64 9.55.0~dfsg1-0ubuntu5.13 [49.4 kB]
#6 181.6 Get:179 http://archive.ubuntu.com/ubuntu jammy-updates/main amd64 libcurl3-gnutls amd64 7.81.0-1ubuntu1.21 [284 kB]
#6 182.0 Get:180 http://archive.ubuntu.com/ubuntu jammy/main amd64 liberror-perl all 0.17029-1 [26.5 kB]
#6 182.3 Get:181 http://archive.ubuntu.com/ubuntu jammy-updates/main amd64 git-man all 1:2.34.1-1ubuntu1.15 [955 kB]
#6 183.5 Get:182 http://archive.ubuntu.com/ubuntu jammy-updates/main amd64 git amd64 1:2.34.1-1ubuntu1.15 [3166 kB]
#6 186.3 Get:183 http://archive.ubuntu.com/ubuntu jammy-updates/main amd64 gnupg-l10n all 2.2.27-3ubuntu2.5 [54.5 kB]
#6 186.6 Get:184 http://archive.ubuntu.com/ubuntu jammy-updates/main amd64 gnupg-utils amd64 2.2.27-3ubuntu2.5 [309 kB]
#6 187.1 Get:185 http://archive.ubuntu.com/ubuntu jammy-updates/main amd64 gpg amd64 2.2.27-3ubuntu2.5 [519 kB]
#6 187.6 Get:186 http://archive.ubuntu.com/ubuntu jammy/main amd64 pinentry-curses amd64 1.1.1-1build2 [34.4 kB]
#6 187.9 Get:187 http://archive.ubuntu.com/ubuntu jammy-updates/main amd64 gpg-agent amd64 2.2.27-3ubuntu2.5 [209 kB]
#6 188.4 Get:188 http://archive.ubuntu.com/ubuntu jammy-updates/main amd64 gpg-wks-client amd64 2.2.27-3ubuntu2.5 [62.7 kB]
#6 188.9 Get:189 http://archive.ubuntu.com/ubuntu jammy-updates/main amd64 gpg-wks-server amd64 2.2.27-3ubuntu2.5 [57.6 kB]
#6 189.2 Get:190 http://archive.ubuntu.com/ubuntu jammy-updates/main amd64 gpgsm amd64 2.2.27-3ubuntu2.5 [197 kB]
#6 189.5 Get:191 http://archive.ubuntu.com/ubuntu jammy-updates/main amd64 gnupg all 2.2.27-3ubuntu2.5 [315 kB]
#6 191.6 Get:192 http://archive.ubuntu.com/ubuntu jammy/universe amd64 gsfonts all 1:8.11+urwcyr1.0.7~pre44-4.5 [3120 kB]
#6 207.9 Get:193 http://archive.ubuntu.com/ubuntu jammy/main amd64 hicolor-icon-theme all 0.17-2 [9976 B]
#6 208.2 Get:194 http://archive.ubuntu.com/ubuntu jammy/main amd64 libnl-3-200 amd64 3.5.0-0.1 [59.1 kB]
#6 208.5 Get:195 http://archive.ubuntu.com/ubuntu jammy/main amd64 libnl-genl-3-200 amd64 3.5.0-0.1 [12.4 kB]
#6 208.7 Get:196 http://archive.ubuntu.com/ubuntu jammy/main amd64 htop amd64 3.0.5-7build2 [128 kB]
#6 209.2 Get:197 http://archive.ubuntu.com/ubuntu jammy-updates/universe amd64 imagemagick-6.q16 amd64 8:6.9.11.60+dfsg-1.3ubuntu0.22.04.5 [224 kB]
#6 209.9 Get:198 http://archive.ubuntu.com/ubuntu jammy-updates/universe amd64 imagemagick amd64 8:6.9.11.60+dfsg-1.3ubuntu0.22.04.5 [14.6 kB]
#6 210.2 Get:199 http://archive.ubuntu.com/ubuntu jammy/main amd64 javascript-common all 11+nmu1 [5936 B]
#6 210.9 Get:200 http://archive.ubuntu.com/ubuntu jammy/universe amd64 jp2a amd64 1.1.1-1 [28.9 kB]
#6 211.2 Get:201 http://archive.ubuntu.com/ubuntu jammy/main amd64 libalgorithm-diff-perl all 1.201-1 [41.8 kB]
#6 211.5 Get:202 http://archive.ubuntu.com/ubuntu jammy/main amd64 libalgorithm-diff-xs-perl amd64 0.04-6build3 [11.9 kB]
#6 211.8 Get:203 http://archive.ubuntu.com/ubuntu jammy/main amd64 libalgorithm-merge-perl all 0.08-3 [12.0 kB]
#6 212.0 Get:204 http://archive.ubuntu.com/ubuntu jammy-updates/main amd64 libxpm4 amd64 1:3.5.12-1ubuntu0.22.04.2 [36.7 kB]
#6 212.3 Get:205 http://archive.ubuntu.com/ubuntu jammy-updates/main amd64 libgd3 amd64 2.3.0-2ubuntu2.3 [129 kB]
#6 213.2 Get:206 http://archive.ubuntu.com/ubuntu jammy-updates/main amd64 libc-devtools amd64 2.35-0ubuntu3.13 [29.0 kB]
#6 216.1 Get:207 http://archive.ubuntu.com/ubuntu jammy-updates/main amd64 libpixman-1-0 amd64 0.40.0-1ubuntu0.22.04.1 [264 kB]
#6 224.2 Get:208 http://archive.ubuntu.com/ubuntu jammy/main amd64 libxcb-render0 amd64 1.14-3ubuntu3 [16.4 kB]
#6 224.7 Get:209 http://archive.ubuntu.com/ubuntu jammy/main amd64 libxrender1 amd64 1:0.9.10-1build4 [19.7 kB]
#6 225.2 Get:210 http://archive.ubuntu.com/ubuntu jammy/main amd64 libcairo2 amd64 1.16.0-5ubuntu2 [628 kB]
#6 233.0 Get:211 http://archive.ubuntu.com/ubuntu jammy/main amd64 libdatrie1 amd64 0.2.13-2 [19.9 kB]
#6 233.4 Get:212 http://archive.ubuntu.com/ubuntu jammy-updates/main amd64 libdjvulibre-text all 3.5.28-2ubuntu0.22.04.1 [51.0 kB]
#6 234.4 Get:213 http://archive.ubuntu.com/ubuntu jammy-updates/main amd64 libdjvulibre21 amd64 3.5.28-2ubuntu0.22.04.1 [624 kB]
#6 240.1 Get:214 http://archive.ubuntu.com/ubuntu jammy-updates/main amd64 libexpat1-dev amd64 2.4.7-1ubuntu0.7 [148 kB]
#6 241.4 Get:215 http://archive.ubuntu.com/ubuntu jammy/main amd64 libfile-fcntllock-perl amd64 0.22-3build7 [33.9 kB]
#6 241.9 Get:216 http://archive.ubuntu.com/ubuntu jammy/main amd64 libgc1 amd64 1:8.0.6-1.1build1 [96.8 kB]
#6 242.7 Get:217 http://archive.ubuntu.com/ubuntu jammy/main amd64 libgpm2 amd64 1.20.7-10build1 [15.3 kB]
#6 242.9 Get:218 http://archive.ubuntu.com/ubuntu jammy/main amd64 libgraphite2-3 amd64 1.3.14-1build2 [71.3 kB]
#6 243.2 Get:219 http://archive.ubuntu.com/ubuntu jammy-updates/main amd64 libharfbuzz0b amd64 2.7.4-1ubuntu3.2 [353 kB]
#6 243.7 Get:220 http://archive.ubuntu.com/ubuntu jammy/universe amd64 libilmbase25 amd64 2.5.7-2 [175 kB]
#6 244.2 Get:221 http://archive.ubuntu.com/ubuntu jammy/main amd64 libjs-jquery all 3.6.0+dfsg+~3.5.13-1 [321 kB]
#6 244.7 Get:222 http://archive.ubuntu.com/ubuntu jammy/main amd64 libjs-underscore all 1.13.2~dfsg-2 [118 kB]
#6 244.9 Get:223 http://archive.ubuntu.com/ubuntu jammy/main amd64 libjs-sphinxdoc all 4.3.2-1 [139 kB]
#6 245.1 Get:224 http://archive.ubuntu.com/ubuntu jammy/universe amd64 libjxr0 amd64 1.2~git20170615.f752187-5 [174 kB]
#6 245.5 Get:225 http://archive.ubuntu.com/ubuntu jammy/universe amd64 libjxr-tools amd64 1.2~git20170615.f752187-5 [16.0 kB]
#6 245.7 Get:226 http://archive.ubuntu.com/ubuntu jammy-updates/main amd64 libldap-common all 2.5.20+dfsg-0ubuntu0.22.04.1 [16.4 kB]
#6 245.9 Get:227 http://archive.ubuntu.com/ubuntu jammy/universe amd64 libopenexr25 amd64 2.5.7-1 [780 kB]
#6 246.3 Get:228 http://archive.ubuntu.com/ubuntu jammy/main amd64 libthai-data all 0.1.29-1build1 [162 kB]
#6 246.5 Get:229 http://archive.ubuntu.com/ubuntu jammy/main amd64 libthai0 amd64 0.1.29-1build1 [19.2 kB]
#6 246.7 Get:230 http://archive.ubuntu.com/ubuntu jammy-updates/main amd64 libpango-1.0-0 amd64 1.50.6+ds-2ubuntu1 [230 kB]
#6 246.9 Get:231 http://archive.ubuntu.com/ubuntu jammy-updates/main amd64 libpangoft2-1.0-0 amd64 1.50.6+ds-2ubuntu1 [54.0 kB]
#6 248.0 Get:232 http://archive.ubuntu.com/ubuntu jammy-updates/main amd64 libpangocairo-1.0-0 amd64 1.50.6+ds-2ubuntu1 [39.8 kB]
#6 248.2 Get:233 http://archive.ubuntu.com/ubuntu jammy/main amd64 libwmflite-0.2-7 amd64 0.2.12-5ubuntu1 [68.9 kB]
#6 248.4 Get:234 http://archive.ubuntu.com/ubuntu jammy-updates/universe amd64 libmagickcore-6.q16-6-extra amd64 8:6.9.11.60+dfsg-1.3ubuntu0.22.04.5 [70.1 kB]
#6 248.5 Get:235 http://archive.ubuntu.com/ubuntu jammy/universe amd64 libnetpbm10 amd64 2:10.0-15.4 [59.1 kB]
#6 248.7 Get:236 http://archive.ubuntu.com/ubuntu jammy/main amd64 libpaper-utils amd64 1.1.28build2 [8674 B]
#6 248.9 Get:237 http://archive.ubuntu.com/ubuntu jammy-updates/main amd64 libpython3.10 amd64 3.10.12-1~22.04.14 [1949 kB]
#6 249.8 Get:238 http://archive.ubuntu.com/ubuntu jammy-updates/main amd64 zlib1g-dev amd64 1:1.2.11.dfsg-2ubuntu9.2 [164 kB]
#6 250.2 Get:239 http://archive.ubuntu.com/ubuntu jammy-updates/main amd64 libpython3.10-dev amd64 3.10.12-1~22.04.14 [4765 kB]
#6 252.7 Get:240 http://archive.ubuntu.com/ubuntu jammy-updates/main amd64 libpython3-dev amd64 3.10.6-1~22.04.1 [7064 B]
#6 252.8 Get:241 http://archive.ubuntu.com/ubuntu jammy/main amd64 rubygems-integration all 1.18 [5336 B]
#6 253.0 Get:242 http://archive.ubuntu.com/ubuntu jammy-updates/main amd64 ruby3.0 amd64 3.0.2-7ubuntu2.11 [50.1 kB]
#6 254.1 Get:243 http://archive.ubuntu.com/ubuntu jammy-updates/main amd64 ruby-rubygems all 3.3.5-2ubuntu1.2 [228 kB]
#6 254.3 Get:244 http://archive.ubuntu.com/ubuntu jammy/main amd64 ruby amd64 1:3.0~exp1 [5100 B]
#6 254.5 Get:245 http://archive.ubuntu.com/ubuntu jammy/main amd64 rake all 13.0.6-2 [61.7 kB]
#6 255.1 Get:246 http://archive.ubuntu.com/ubuntu jammy/main amd64 ruby-net-telnet all 0.1.1-2 [12.6 kB]
#6 255.6 Get:247 http://archive.ubuntu.com/ubuntu jammy-updates/main amd64 ruby-webrick all 1.7.0-3ubuntu0.2 [52.5 kB]
#6 257.2 Get:248 http://archive.ubuntu.com/ubuntu jammy-updates/main amd64 ruby-xmlrpc all 0.3.2-1ubuntu0.1 [24.9 kB]
#6 257.9 Get:249 http://archive.ubuntu.com/ubuntu jammy-updates/main amd64 libruby3.0 amd64 3.0.2-7ubuntu2.11 [5114 kB]
#6 273.5 Get:250 http://archive.ubuntu.com/ubuntu jammy-updates/main amd64 libsasl2-modules amd64 2.1.27+dfsg2-3ubuntu1.2 [68.8 kB]
#6 274.7 Get:251 http://archive.ubuntu.com/ubuntu jammy-updates/main amd64 libsodium23 amd64 1.0.18-1ubuntu0.22.04.1 [164 kB]
#6 275.4 Get:252 http://archive.ubuntu.com/ubuntu jammy/main amd64 manpages-dev all 5.10-1ubuntu1 [2309 kB]
#6 277.0 Get:253 http://archive.ubuntu.com/ubuntu jammy/universe amd64 neofetch all 7.1.0-3 [84.3 kB]
#6 277.8 Get:254 http://archive.ubuntu.com/ubuntu jammy/universe amd64 netpbm amd64 2:10.0-15.4 [1007 kB]
#6 280.5 Get:255 http://archive.ubuntu.com/ubuntu jammy-updates/main amd64 python3.10-dev amd64 3.10.12-1~22.04.14 [508 kB]
#6 281.2 Get:256 http://archive.ubuntu.com/ubuntu jammy-updates/main amd64 python3-lib2to3 all 3.10.8-1~22.04 [77.6 kB]
#6 281.7 Get:257 http://archive.ubuntu.com/ubuntu jammy-updates/main amd64 python3-distutils all 3.10.8-1~22.04 [139 kB]
#6 282.3 Get:258 http://archive.ubuntu.com/ubuntu jammy-updates/main amd64 python3-dev amd64 3.10.6-1~22.04.1 [26.0 kB]
#6 282.6 Get:259 http://archive.ubuntu.com/ubuntu jammy-updates/main amd64 python3-setuptools all 59.6.0-1.2ubuntu0.22.04.3 [340 kB]
#6 283.7 Get:260 http://archive.ubuntu.com/ubuntu jammy-updates/universe amd64 python3-wheel all 0.37.1-2ubuntu0.22.04.1 [32.0 kB]
#6 283.9 Get:261 http://archive.ubuntu.com/ubuntu jammy-updates/universe amd64 python3-pip all 22.0.2+dfsg-1ubuntu0.7 [1306 kB]
#6 287.0 Get:262 http://archive.ubuntu.com/ubuntu jammy-updates/universe amd64 python3-pip-whl all 22.0.2+dfsg-1ubuntu0.7 [1683 kB]
#6 290.1 Get:263 http://archive.ubuntu.com/ubuntu jammy-updates/universe amd64 python3-setuptools-whl all 59.6.0-1.2ubuntu0.22.04.3 [789 kB]
#6 291.0 Get:264 http://archive.ubuntu.com/ubuntu jammy-updates/universe amd64 python3.10-venv amd64 3.10.12-1~22.04.14 [5724 B]
#6 291.2 Get:265 http://archive.ubuntu.com/ubuntu jammy-updates/universe amd64 python3-venv amd64 3.10.6-1~22.04.1 [1042 B]
#6 291.5 Get:266 http://archive.ubuntu.com/ubuntu jammy-updates/universe amd64 ripgrep amd64 13.0.0-2ubuntu0.1 [1300 kB]
#6 292.6 Get:267 http://archive.ubuntu.com/ubuntu jammy/universe amd64 ruby-optimist all 3.0.0-2 [13.6 kB]
#6 292.9 Get:268 http://archive.ubuntu.com/ubuntu jammy/universe amd64 toilet-fonts all 0.3-1.4 [714 kB]
#6 293.6 Get:269 http://archive.ubuntu.com/ubuntu jammy/universe amd64 toilet amd64 0.3-1.4 [12.7 kB]
#6 293.9 Get:270 http://archive.ubuntu.com/ubuntu jammy/universe amd64 tree amd64 2.0.2-1 [47.9 kB]
#6 294.2 Get:271 http://archive.ubuntu.com/ubuntu jammy-updates/main amd64 unzip amd64 6.0-26ubuntu3.2 [175 kB]
#6 294.5 Get:272 http://archive.ubuntu.com/ubuntu jammy-updates/main amd64 vim-runtime all 2:8.2.3995-1ubuntu2.24 [6833 kB]
#6 299.0 Get:273 http://archive.ubuntu.com/ubuntu jammy-updates/main amd64 vim amd64 2:8.2.3995-1ubuntu2.24 [1728 kB]
#6 300.2 Get:274 http://archive.ubuntu.com/ubuntu jammy-updates/main amd64 w3m amd64 0.5.3+git20210102-6ubuntu0.2 [1104 kB]
#6 301.2 Get:275 http://archive.ubuntu.com/ubuntu jammy-updates/universe amd64 w3m-img amd64 0.5.3+git20210102-6ubuntu0.2 [23.6 kB]
#6 301.8 Get:276 http://archive.ubuntu.com/ubuntu jammy/main amd64 zip amd64 3.0-12build2 [176 kB]
#6 302.1 Get:277 http://archive.ubuntu.com/ubuntu jammy/universe amd64 libsixel1 amd64 1.10.3-3 [111 kB]
#6 302.4 Get:278 http://archive.ubuntu.com/ubuntu jammy/universe amd64 libsixel-bin amd64 1.10.3-3 [18.5 kB]
#6 302.7 Get:279 http://archive.ubuntu.com/ubuntu jammy/universe amd64 ruby-paint all 2.2.0-1 [16.3 kB]
#6 302.9 Get:280 http://archive.ubuntu.com/ubuntu jammy/universe amd64 lolcat all 100.0.1-3 [7992 B]
#6 303.3 debconf: delaying package configuration, since apt-utils is not installed
#6 303.4 Fetched 185 MB in 4min 30s (685 kB/s)
#6 303.4 (Reading database ... (Reading database ... 5%(Reading database ... 10%(Reading database ... 15%(Reading database ... 20%(Reading database ... 25%(Reading database ... 30%(Reading database ... 35%(Reading database ... 40%(Reading database ... 45%(Reading database ... 50%(Reading database ... 55%(Reading database ... 60%(Reading database ... 65%(Reading database ... 70%(Reading database ... 75%(Reading database ... 80%(Reading database ... 85%(Reading database ... 90%(Reading database ... 95%(Reading database ... 100%(Reading database ... 4393 files and directories currently installed.)
#6 303.4 Preparing to unpack .../libc6_2.35-0ubuntu3.13_amd64.deb ...
#6 303.7 Unpacking libc6:amd64 (2.35-0ubuntu3.13) over (2.35-0ubuntu3.11) ...
#6 304.5 Setting up libc6:amd64 (2.35-0ubuntu3.13) ...
#6 305.6 Selecting previously unselected package liblocale-gettext-perl.
#6 305.6 (Reading database ... (Reading database ... 5%(Reading database ... 10%(Reading database ... 15%(Reading database ... 20%(Reading database ... 25%(Reading database ... 30%(Reading database ... 35%(Reading database ... 40%(Reading database ... 45%(Reading database ... 50%(Reading database ... 55%(Reading database ... 60%(Reading database ... 65%(Reading database ... 70%(Reading database ... 75%(Reading database ... 80%(Reading database ... 85%(Reading database ... 90%(Reading database ... 95%(Reading database ... 100%(Reading database ... 4393 files and directories currently installed.)
#6 305.7 Preparing to unpack .../liblocale-gettext-perl_1.07-4build3_amd64.deb ...
#6 305.7 Unpacking liblocale-gettext-perl (1.07-4build3) ...
#6 305.7 Selecting previously unselected package libpython3.10-minimal:amd64.
#6 305.7 Preparing to unpack .../libpython3.10-minimal_3.10.12-1~22.04.14_amd64.deb ...
#6 305.7 Unpacking libpython3.10-minimal:amd64 (3.10.12-1~22.04.14) ...
#6 305.8 Selecting previously unselected package libexpat1:amd64.
#6 305.8 Preparing to unpack .../libexpat1_2.4.7-1ubuntu0.7_amd64.deb ...
#6 305.8 Unpacking libexpat1:amd64 (2.4.7-1ubuntu0.7) ...
#6 305.9 Selecting previously unselected package python3.10-minimal.
#6 305.9 Preparing to unpack .../python3.10-minimal_3.10.12-1~22.04.14_amd64.deb ...
#6 305.9 Unpacking python3.10-minimal (3.10.12-1~22.04.14) ...
#6 305.9 Setting up libpython3.10-minimal:amd64 (3.10.12-1~22.04.14) ...
#6 306.0 Setting up libexpat1:amd64 (2.4.7-1ubuntu0.7) ...
#6 306.0 Setting up python3.10-minimal (3.10.12-1~22.04.14) ...
#6 306.7 Selecting previously unselected package python3-minimal.
#6 306.7 (Reading database ... (Reading database ... 5%(Reading database ... 10%(Reading database ... 15%(Reading database ... 20%(Reading database ... 25%(Reading database ... 30%(Reading database ... 35%(Reading database ... 40%(Reading database ... 45%(Reading database ... 50%(Reading database ... 55%(Reading database ... 60%(Reading database ... 65%(Reading database ... 70%(Reading database ... 75%(Reading database ... 80%(Reading database ... 85%(Reading database ... 90%(Reading database ... 95%(Reading database ... 100%(Reading database ... 4711 files and directories currently installed.)
#6 306.7 Preparing to unpack .../0-python3-minimal_3.10.6-1~22.04.1_amd64.deb ...
#6 306.7 Unpacking python3-minimal (3.10.6-1~22.04.1) ...
#6 306.7 Selecting previously unselected package media-types.
#6 306.7 Preparing to unpack .../1-media-types_7.0.0_all.deb ...
#6 306.7 Unpacking media-types (7.0.0) ...
#6 306.7 Selecting previously unselected package libmpdec3:amd64.
#6 306.7 Preparing to unpack .../2-libmpdec3_2.5.1-2build2_amd64.deb ...
#6 306.7 Unpacking libmpdec3:amd64 (2.5.1-2build2) ...
#6 306.8 Selecting previously unselected package readline-common.
#6 306.8 Preparing to unpack .../3-readline-common_8.1.2-1_all.deb ...
#6 306.8 Unpacking readline-common (8.1.2-1) ...
#6 306.8 Selecting previously unselected package libreadline8:amd64.
#6 306.8 Preparing to unpack .../4-libreadline8_8.1.2-1_amd64.deb ...
#6 306.8 Unpacking libreadline8:amd64 (8.1.2-1) ...
#6 306.8 Selecting previously unselected package libsqlite3-0:amd64.
#6 306.8 Preparing to unpack .../5-libsqlite3-0_3.37.2-2ubuntu0.5_amd64.deb ...
#6 306.8 Unpacking libsqlite3-0:amd64 (3.37.2-2ubuntu0.5) ...
#6 306.9 Selecting previously unselected package libpython3.10-stdlib:amd64.
#6 306.9 Preparing to unpack .../6-libpython3.10-stdlib_3.10.12-1~22.04.14_amd64.deb ...
#6 306.9 Unpacking libpython3.10-stdlib:amd64 (3.10.12-1~22.04.14) ...
#6 307.0 Selecting previously unselected package python3.10.
#6 307.0 Preparing to unpack .../7-python3.10_3.10.12-1~22.04.14_amd64.deb ...
#6 307.0 Unpacking python3.10 (3.10.12-1~22.04.14) ...
#6 307.0 Selecting previously unselected package libpython3-stdlib:amd64.
#6 307.0 Preparing to unpack .../8-libpython3-stdlib_3.10.6-1~22.04.1_amd64.deb ...
#6 307.0 Unpacking libpython3-stdlib:amd64 (3.10.6-1~22.04.1) ...
#6 307.0 Setting up python3-minimal (3.10.6-1~22.04.1) ...
#6 307.2 Selecting previously unselected package python3.
#6 307.2 (Reading database ... (Reading database ... 5%(Reading database ... 10%(Reading database ... 15%(Reading database ... 20%(Reading database ... 25%(Reading database ... 30%(Reading database ... 35%(Reading database ... 40%(Reading database ... 45%(Reading database ... 50%(Reading database ... 55%(Reading database ... 60%(Reading database ... 65%(Reading database ... 70%(Reading database ... 75%(Reading database ... 80%(Reading database ... 85%(Reading database ... 90%(Reading database ... 95%(Reading database ... 100%(Reading database ... 5141 files and directories currently installed.)
#6 307.2 Preparing to unpack .../000-python3_3.10.6-1~22.04.1_amd64.deb ...
#6 307.3 Unpacking python3 (3.10.6-1~22.04.1) ...
#6 307.3 Selecting previously unselected package fonts-droid-fallback.
#6 307.3 Preparing to unpack .../001-fonts-droid-fallback_1%3a6.0.1r16-1.1build1_all.deb ...
#6 307.3 Unpacking fonts-droid-fallback (1:6.0.1r16-1.1build1) ...
#6 307.5 Selecting previously unselected package fonts-lato.
#6 307.5 Preparing to unpack .../002-fonts-lato_2.0-2.1_all.deb ...
#6 307.5 Unpacking fonts-lato (2.0-2.1) ...
#6 307.8 Selecting previously unselected package libgomp1:amd64.
#6 307.8 Preparing to unpack .../003-libgomp1_12.3.0-1ubuntu1~22.04.2_amd64.deb ...
#6 307.8 Unpacking libgomp1:amd64 (12.3.0-1ubuntu1~22.04.2) ...
#6 307.8 Selecting previously unselected package libfftw3-double3:amd64.
#6 307.8 Preparing to unpack .../004-libfftw3-double3_3.3.8-2ubuntu8_amd64.deb ...
#6 307.8 Unpacking libfftw3-double3:amd64 (3.3.8-2ubuntu8) ...
#6 307.9 Selecting previously unselected package libbrotli1:amd64.
#6 307.9 Preparing to unpack .../005-libbrotli1_1.0.9-2build6_amd64.deb ...
#6 307.9 Unpacking libbrotli1:amd64 (1.0.9-2build6) ...
#6 307.9 Selecting previously unselected package libpng16-16:amd64.
#6 307.9 Preparing to unpack .../006-libpng16-16_1.6.37-3ubuntu0.3_amd64.deb ...
#6 307.9 Unpacking libpng16-16:amd64 (1.6.37-3ubuntu0.3) ...
#6 308.0 Selecting previously unselected package libfreetype6:amd64.
#6 308.0 Preparing to unpack .../007-libfreetype6_2.11.1+dfsg-1ubuntu0.3_amd64.deb ...
#6 308.0 Unpacking libfreetype6:amd64 (2.11.1+dfsg-1ubuntu0.3) ...
#6 308.0 Selecting previously unselected package ucf.
#6 308.0 Preparing to unpack .../008-ucf_3.0043_all.deb ...
#6 308.0 Moving old data out of the way
#6 308.0 Unpacking ucf (3.0043) ...
#6 308.0 Selecting previously unselected package fonts-dejavu-core.
#6 308.0 Preparing to unpack .../009-fonts-dejavu-core_2.37-2build1_all.deb ...
#6 308.0 Unpacking fonts-dejavu-core (2.37-2build1) ...
#6 308.1 Selecting previously unselected package fonts-urw-base35.
#6 308.1 Preparing to unpack .../010-fonts-urw-base35_20200910-1_all.deb ...
#6 308.2 Unpacking fonts-urw-base35 (20200910-1) ...
#6 308.5 Selecting previously unselected package fontconfig-config.
#6 308.5 Preparing to unpack .../011-fontconfig-config_2.13.1-4.2ubuntu5_all.deb ...
#6 308.5 Unpacking fontconfig-config (2.13.1-4.2ubuntu5) ...
#6 308.5 Selecting previously unselected package libfontconfig1:amd64.
#6 308.5 Preparing to unpack .../012-libfontconfig1_2.13.1-4.2ubuntu5_amd64.deb ...
#6 308.5 Unpacking libfontconfig1:amd64 (2.13.1-4.2ubuntu5) ...
#6 308.5 Selecting previously unselected package libaom3:amd64.
#6 308.5 Preparing to unpack .../013-libaom3_3.3.0-1ubuntu0.1_amd64.deb ...
#6 308.5 Unpacking libaom3:amd64 (3.3.0-1ubuntu0.1) ...
#6 308.6 Selecting previously unselected package libdav1d5:amd64.
#6 308.6 Preparing to unpack .../014-libdav1d5_0.9.2-1_amd64.deb ...
#6 308.6 Unpacking libdav1d5:amd64 (0.9.2-1) ...
#6 308.6 Selecting previously unselected package libde265-0:amd64.
#6 308.6 Preparing to unpack .../015-libde265-0_1.0.8-1ubuntu0.3_amd64.deb ...
#6 308.6 Unpacking libde265-0:amd64 (1.0.8-1ubuntu0.3) ...
#6 308.6 Selecting previously unselected package libnuma1:amd64.
#6 308.6 Preparing to unpack .../016-libnuma1_2.0.14-3ubuntu2_amd64.deb ...
#6 308.7 Unpacking libnuma1:amd64 (2.0.14-3ubuntu2) ...
#6 308.7 Selecting previously unselected package libx265-199:amd64.
#6 308.7 Preparing to unpack .../017-libx265-199_3.5-2_amd64.deb ...
#6 308.7 Unpacking libx265-199:amd64 (3.5-2) ...
#6 308.7 Selecting previously unselected package libheif1:amd64.
#6 308.7 Preparing to unpack .../018-libheif1_1.12.0-2build1_amd64.deb ...
#6 308.7 Unpacking libheif1:amd64 (1.12.0-2build1) ...
#6 308.8 Selecting previously unselected package libjbig0:amd64.
#6 308.8 Preparing to unpack .../019-libjbig0_2.1-3.1ubuntu0.22.04.1_amd64.deb ...
#6 308.8 Unpacking libjbig0:amd64 (2.1-3.1ubuntu0.22.04.1) ...
#6 308.8 Selecting previously unselected package libjpeg-turbo8:amd64.
#6 308.8 Preparing to unpack .../020-libjpeg-turbo8_2.1.2-0ubuntu1_amd64.deb ...
#6 308.8 Unpacking libjpeg-turbo8:amd64 (2.1.2-0ubuntu1) ...
#6 308.8 Selecting previously unselected package libjpeg8:amd64.
#6 308.8 Preparing to unpack .../021-libjpeg8_8c-2ubuntu10_amd64.deb ...
#6 308.8 Unpacking libjpeg8:amd64 (8c-2ubuntu10) ...
#6 308.8 Selecting previously unselected package liblcms2-2:amd64.
#6 308.9 Preparing to unpack .../022-liblcms2-2_2.12~rc1-2build2_amd64.deb ...
#6 308.9 Unpacking liblcms2-2:amd64 (2.12~rc1-2build2) ...
#6 308.9 Selecting previously unselected package libglib2.0-0:amd64.
#6 308.9 Preparing to unpack .../023-libglib2.0-0_2.72.4-0ubuntu2.9_amd64.deb ...
#6 308.9 Unpacking libglib2.0-0:amd64 (2.72.4-0ubuntu2.9) ...
#6 309.0 Selecting previously unselected package liblqr-1-0:amd64.
#6 309.0 Preparing to unpack .../024-liblqr-1-0_0.4.2-2.1_amd64.deb ...
#6 309.0 Unpacking liblqr-1-0:amd64 (0.4.2-2.1) ...
#6 309.0 Selecting previously unselected package libltdl7:amd64.
#6 309.0 Preparing to unpack .../025-libltdl7_2.4.6-15build2_amd64.deb ...
#6 309.0 Unpacking libltdl7:amd64 (2.4.6-15build2) ...
#6 309.0 Selecting previously unselected package libopenjp2-7:amd64.
#6 309.0 Preparing to unpack .../026-libopenjp2-7_2.4.0-6ubuntu0.4_amd64.deb ...
#6 309.0 Unpacking libopenjp2-7:amd64 (2.4.0-6ubuntu0.4) ...
#6 309.1 Selecting previously unselected package libdeflate0:amd64.
#6 309.1 Preparing to unpack .../027-libdeflate0_1.10-2_amd64.deb ...
#6 309.1 Unpacking libdeflate0:amd64 (1.10-2) ...
#6 309.1 Selecting previously unselected package libwebp7:amd64.
#6 309.1 Preparing to unpack .../028-libwebp7_1.2.2-2ubuntu0.22.04.2_amd64.deb ...
#6 309.1 Unpacking libwebp7:amd64 (1.2.2-2ubuntu0.22.04.2) ...
#6 309.1 Selecting previously unselected package libtiff5:amd64.
#6 309.1 Preparing to unpack .../029-libtiff5_4.3.0-6ubuntu0.12_amd64.deb ...
#6 309.1 Unpacking libtiff5:amd64 (4.3.0-6ubuntu0.12) ...
#6 309.1 Selecting previously unselected package libwebpdemux2:amd64.
#6 309.2 Preparing to unpack .../030-libwebpdemux2_1.2.2-2ubuntu0.22.04.2_amd64.deb ...
#6 309.2 Unpacking libwebpdemux2:amd64 (1.2.2-2ubuntu0.22.04.2) ...
#6 309.2 Selecting previously unselected package libwebpmux3:amd64.
#6 309.2 Preparing to unpack .../031-libwebpmux3_1.2.2-2ubuntu0.22.04.2_amd64.deb ...
#6 309.2 Unpacking libwebpmux3:amd64 (1.2.2-2ubuntu0.22.04.2) ...
#6 309.2 Selecting previously unselected package libxau6:amd64.
#6 309.2 Preparing to unpack .../032-libxau6_1%3a1.0.9-1build5_amd64.deb ...
#6 309.2 Unpacking libxau6:amd64 (1:1.0.9-1build5) ...
#6 309.2 Selecting previously unselected package libmd0:amd64.
#6 309.2 Preparing to unpack .../033-libmd0_1.0.4-1build1_amd64.deb ...
#6 309.2 Unpacking libmd0:amd64 (1.0.4-1build1) ...
#6 309.3 Selecting previously unselected package libbsd0:amd64.
#6 309.3 Preparing to unpack .../034-libbsd0_0.11.5-1_amd64.deb ...
#6 309.3 Unpacking libbsd0:amd64 (0.11.5-1) ...
#6 309.3 Selecting previously unselected package libxdmcp6:amd64.
#6 309.3 Preparing to unpack .../035-libxdmcp6_1%3a1.1.3-0ubuntu5_amd64.deb ...
#6 309.3 Unpacking libxdmcp6:amd64 (1:1.1.3-0ubuntu5) ...
#6 309.3 Selecting previously unselected package libxcb1:amd64.
#6 309.3 Preparing to unpack .../036-libxcb1_1.14-3ubuntu3_amd64.deb ...
#6 309.3 Unpacking libxcb1:amd64 (1.14-3ubuntu3) ...
#6 309.3 Selecting previously unselected package libx11-data.
#6 309.4 Preparing to unpack .../037-libx11-data_2%3a1.7.5-1ubuntu0.3_all.deb ...
#6 309.4 Unpacking libx11-data (2:1.7.5-1ubuntu0.3) ...
#6 309.4 Selecting previously unselected package libx11-6:amd64.
#6 309.4 Preparing to unpack .../038-libx11-6_2%3a1.7.5-1ubuntu0.3_amd64.deb ...
#6 309.4 Unpacking libx11-6:amd64 (2:1.7.5-1ubuntu0.3) ...
#6 309.5 Selecting previously unselected package libxext6:amd64.
#6 309.5 Preparing to unpack .../039-libxext6_2%3a1.3.4-1build1_amd64.deb ...
#6 309.5 Unpacking libxext6:amd64 (2:1.3.4-1build1) ...
#6 309.5 Selecting previously unselected package libicu70:amd64.
#6 309.5 Preparing to unpack .../040-libicu70_70.1-2_amd64.deb ...
#6 309.5 Unpacking libicu70:amd64 (70.1-2) ...
#6 309.7 Selecting previously unselected package libxml2:amd64.
#6 309.7 Preparing to unpack .../041-libxml2_2.9.13+dfsg-1ubuntu0.11_amd64.deb ...
#6 309.7 Unpacking libxml2:amd64 (2.9.13+dfsg-1ubuntu0.11) ...
#6 309.8 Selecting previously unselected package imagemagick-6-common.
#6 309.8 Preparing to unpack .../042-imagemagick-6-common_8%3a6.9.11.60+dfsg-1.3ubuntu0.22.04.5_all.deb ...
#6 309.8 Unpacking imagemagick-6-common (8:6.9.11.60+dfsg-1.3ubuntu0.22.04.5) ...
#6 309.8 Selecting previously unselected package libmagickcore-6.q16-6:amd64.
#6 309.8 Preparing to unpack .../043-libmagickcore-6.q16-6_8%3a6.9.11.60+dfsg-1.3ubuntu0.22.04.5_amd64.deb ...
#6 309.8 Unpacking libmagickcore-6.q16-6:amd64 (8:6.9.11.60+dfsg-1.3ubuntu0.22.04.5) ...
#6 309.9 Selecting previously unselected package libmagickwand-6.q16-6:amd64.
#6 309.9 Preparing to unpack .../044-libmagickwand-6.q16-6_8%3a6.9.11.60+dfsg-1.3ubuntu0.22.04.5_amd64.deb ...
#6 309.9 Unpacking libmagickwand-6.q16-6:amd64 (8:6.9.11.60+dfsg-1.3ubuntu0.22.04.5) ...
#6 310.0 Selecting previously unselected package perl-modules-5.34.
#6 310.0 Preparing to unpack .../045-perl-modules-5.34_5.34.0-3ubuntu1.5_all.deb ...
#6 310.0 Unpacking perl-modules-5.34 (5.34.0-3ubuntu1.5) ...
#6 310.3 Selecting previously unselected package libgdbm6:amd64.
#6 310.3 Preparing to unpack .../046-libgdbm6_1.23-1_amd64.deb ...
#6 310.3 Unpacking libgdbm6:amd64 (1.23-1) ...
#6 310.3 Selecting previously unselected package libgdbm-compat4:amd64.
#6 310.4 Preparing to unpack .../047-libgdbm-compat4_1.23-1_amd64.deb ...
#6 310.4 Unpacking libgdbm-compat4:amd64 (1.23-1) ...
#6 310.4 Selecting previously unselected package libperl5.34:amd64.
#6 310.4 Preparing to unpack .../048-libperl5.34_5.34.0-3ubuntu1.5_amd64.deb ...
#6 310.4 Unpacking libperl5.34:amd64 (5.34.0-3ubuntu1.5) ...
#6 310.6 Selecting previously unselected package perl.
#6 310.6 Preparing to unpack .../049-perl_5.34.0-3ubuntu1.5_amd64.deb ...
#6 310.6 Unpacking perl (5.34.0-3ubuntu1.5) ...
#6 310.7 Selecting previously unselected package poppler-data.
#6 310.7 Preparing to unpack .../050-poppler-data_0.4.11-1_all.deb ...
#6 310.7 Unpacking poppler-data (0.4.11-1) ...
#6 310.8 Selecting previously unselected package openssl.
#6 310.8 Preparing to unpack .../051-openssl_3.0.2-0ubuntu1.21_amd64.deb ...
#6 310.8 Unpacking openssl (3.0.2-0ubuntu1.21) ...
#6 310.9 Selecting previously unselected package ca-certificates.
#6 310.9 Preparing to unpack .../052-ca-certificates_20240203~22.04.1_all.deb ...
#6 310.9 Unpacking ca-certificates (20240203~22.04.1) ...
#6 310.9 Selecting previously unselected package libapparmor1:amd64.
#6 310.9 Preparing to unpack .../053-libapparmor1_3.0.4-2ubuntu2.5_amd64.deb ...
#6 310.9 Unpacking libapparmor1:amd64 (3.0.4-2ubuntu2.5) ...
#6 311.0 Selecting previously unselected package libdbus-1-3:amd64.
#6 311.0 Preparing to unpack .../054-libdbus-1-3_1.12.20-2ubuntu4.1_amd64.deb ...
#6 311.0 Unpacking libdbus-1-3:amd64 (1.12.20-2ubuntu4.1) ...
#6 311.0 Selecting previously unselected package dbus.
#6 311.0 Preparing to unpack .../055-dbus_1.12.20-2ubuntu4.1_amd64.deb ...
#6 311.0 Unpacking dbus (1.12.20-2ubuntu4.1) ...
#6 311.1 Selecting previously unselected package less.
#6 311.2 Preparing to unpack .../056-less_590-1ubuntu0.22.04.3_amd64.deb ...
#6 311.2 Unpacking less (590-1ubuntu0.22.04.3) ...
#6 311.2 Selecting previously unselected package libfribidi0:amd64.
#6 311.2 Preparing to unpack .../057-libfribidi0_1.0.8-2ubuntu3.1_amd64.deb ...
#6 311.2 Unpacking libfribidi0:amd64 (1.0.8-2ubuntu3.1) ...
#6 311.2 Selecting previously unselected package libglib2.0-data.
#6 311.2 Preparing to unpack .../058-libglib2.0-data_2.72.4-0ubuntu2.9_all.deb ...
#6 311.2 Unpacking libglib2.0-data (2.72.4-0ubuntu2.9) ...
#6 311.3 Selecting previously unselected package libkmod2:amd64.
#6 311.3 Preparing to unpack .../059-libkmod2_29-1ubuntu1_amd64.deb ...
#6 311.3 Unpacking libkmod2:amd64 (29-1ubuntu1) ...
#6 311.3 Selecting previously unselected package libslang2:amd64.
#6 311.3 Preparing to unpack .../060-libslang2_2.3.2-5build4_amd64.deb ...
#6 311.3 Unpacking libslang2:amd64 (2.3.2-5build4) ...
#6 311.3 Selecting previously unselected package libyaml-0-2:amd64.
#6 311.3 Preparing to unpack .../061-libyaml-0-2_0.2.2-1build2_amd64.deb ...
#6 311.3 Unpacking libyaml-0-2:amd64 (0.2.2-1build2) ...
#6 311.4 Selecting previously unselected package netbase.
#6 311.4 Preparing to unpack .../062-netbase_6.3_all.deb ...
#6 311.4 Unpacking netbase (6.3) ...
#6 311.4 Selecting previously unselected package python3-pkg-resources.
#6 311.4 Preparing to unpack .../063-python3-pkg-resources_59.6.0-1.2ubuntu0.22.04.3_all.deb ...
#6 311.4 Unpacking python3-pkg-resources (59.6.0-1.2ubuntu0.22.04.3) ...
#6 311.4 Selecting previously unselected package shared-mime-info.
#6 311.4 Preparing to unpack .../064-shared-mime-info_2.1-2_amd64.deb ...
#6 311.4 Unpacking shared-mime-info (2.1-2) ...
#6 311.5 Selecting previously unselected package sudo.
#6 311.5 Preparing to unpack .../065-sudo_1.9.9-1ubuntu2.5_amd64.deb ...
#6 311.5 Unpacking sudo (1.9.9-1ubuntu2.5) ...
#6 311.5 Selecting previously unselected package xxd.
#6 311.5 Preparing to unpack .../066-xxd_2%3a8.2.3995-1ubuntu2.24_amd64.deb ...
#6 311.5 Unpacking xxd (2:8.2.3995-1ubuntu2.24) ...
#6 311.6 Selecting previously unselected package vim-common.
#6 311.6 Preparing to unpack .../067-vim-common_2%3a8.2.3995-1ubuntu2.24_all.deb ...
#6 311.6 Unpacking vim-common (2:8.2.3995-1ubuntu2.24) ...
#6 311.6 Selecting previously unselected package xdg-user-dirs.
#6 311.6 Preparing to unpack .../068-xdg-user-dirs_0.17-2ubuntu4_amd64.deb ...
#6 311.6 Unpacking xdg-user-dirs (0.17-2ubuntu4) ...
#6 311.7 Selecting previously unselected package bash-completion.
#6 311.7 Preparing to unpack .../069-bash-completion_1%3a2.11-5ubuntu1_all.deb ...
#6 311.7 Unpacking bash-completion (1:2.11-5ubuntu1) ...
#6 311.9 Selecting previously unselected package libcbor0.8:amd64.
#6 311.9 Preparing to unpack .../070-libcbor0.8_0.8.0-2ubuntu1_amd64.deb ...
#6 311.9 Unpacking libcbor0.8:amd64 (0.8.0-2ubuntu1) ...
#6 311.9 Selecting previously unselected package libedit2:amd64.
#6 311.9 Preparing to unpack .../071-libedit2_3.1-20210910-1build1_amd64.deb ...
#6 311.9 Unpacking libedit2:amd64 (3.1-20210910-1build1) ...
#6 311.9 Selecting previously unselected package libfido2-1:amd64.
#6 312.0 Preparing to unpack .../072-libfido2-1_1.10.0-1_amd64.deb ...
#6 312.0 Unpacking libfido2-1:amd64 (1.10.0-1) ...
#6 312.0 Selecting previously unselected package libnghttp2-14:amd64.
#6 312.0 Preparing to unpack .../073-libnghttp2-14_1.43.0-1ubuntu0.2_amd64.deb ...
#6 312.0 Unpacking libnghttp2-14:amd64 (1.43.0-1ubuntu0.2) ...
#6 312.0 Selecting previously unselected package pci.ids.
#6 312.0 Preparing to unpack .../074-pci.ids_0.0~2022.01.22-1ubuntu0.1_all.deb ...
#6 312.0 Unpacking pci.ids (0.0~2022.01.22-1ubuntu0.1) ...
#6 312.0 Selecting previously unselected package libpci3:amd64.
#6 312.0 Preparing to unpack .../075-libpci3_1%3a3.7.0-6_amd64.deb ...
#6 312.0 Unpacking libpci3:amd64 (1:3.7.0-6) ...
#6 312.1 Selecting previously unselected package libpsl5:amd64.
#6 312.1 Preparing to unpack .../076-libpsl5_0.21.0-1.2build2_amd64.deb ...
#6 312.1 Unpacking libpsl5:amd64 (0.21.0-1.2build2) ...
#6 312.1 Selecting previously unselected package libxmuu1:amd64.
#6 312.1 Preparing to unpack .../077-libxmuu1_2%3a1.1.3-3_amd64.deb ...
#6 312.1 Unpacking libxmuu1:amd64 (2:1.1.3-3) ...
#6 312.1 Selecting previously unselected package manpages.
#6 312.1 Preparing to unpack .../078-manpages_5.10-1ubuntu1_all.deb ...
#6 312.1 Unpacking manpages (5.10-1ubuntu1) ...
#6 312.2 Selecting previously unselected package nano.
#6 312.2 Preparing to unpack .../079-nano_6.2-1ubuntu0.1_amd64.deb ...
#6 312.2 Unpacking nano (6.2-1ubuntu0.1) ...
#6 312.3 Selecting previously unselected package openssh-client.
#6 312.3 Preparing to unpack .../080-openssh-client_1%3a8.9p1-3ubuntu0.13_amd64.deb ...
#6 312.3 Unpacking openssh-client (1:8.9p1-3ubuntu0.13) ...
#6 312.3 Selecting previously unselected package pciutils.
#6 312.3 Preparing to unpack .../081-pciutils_1%3a3.7.0-6_amd64.deb ...
#6 312.3 Unpacking pciutils (1:3.7.0-6) ...
#6 312.4 Selecting previously unselected package publicsuffix.
#6 312.4 Preparing to unpack .../082-publicsuffix_20211207.1025-1_all.deb ...
#6 312.4 Unpacking publicsuffix (20211207.1025-1) ...
#6 312.4 Selecting previously unselected package wget.
#6 312.4 Preparing to unpack .../083-wget_1.21.2-2ubuntu1.1_amd64.deb ...
#6 312.4 Unpacking wget (1.21.2-2ubuntu1.1) ...
#6 312.4 Selecting previously unselected package xauth.
#6 312.5 Preparing to unpack .../084-xauth_1%3a1.1-1build2_amd64.deb ...
#6 312.5 Unpacking xauth (1:1.1-1build2) ...
#6 312.5 Selecting previously unselected package xz-utils.
#6 312.5 Preparing to unpack .../085-xz-utils_5.2.5-2ubuntu1_amd64.deb ...
#6 312.5 Unpacking xz-utils (5.2.5-2ubuntu1) ...
#6 312.5 Selecting previously unselected package binutils-common:amd64.
#6 312.5 Preparing to unpack .../086-binutils-common_2.38-4ubuntu2.12_amd64.deb ...
#6 312.5 Unpacking binutils-common:amd64 (2.38-4ubuntu2.12) ...
#6 312.6 Selecting previously unselected package libbinutils:amd64.
#6 312.6 Preparing to unpack .../087-libbinutils_2.38-4ubuntu2.12_amd64.deb ...
#6 312.6 Unpacking libbinutils:amd64 (2.38-4ubuntu2.12) ...
#6 312.6 Selecting previously unselected package libctf-nobfd0:amd64.
#6 312.6 Preparing to unpack .../088-libctf-nobfd0_2.38-4ubuntu2.12_amd64.deb ...
#6 312.6 Unpacking libctf-nobfd0:amd64 (2.38-4ubuntu2.12) ...
#6 312.7 Selecting previously unselected package libctf0:amd64.
#6 312.7 Preparing to unpack .../089-libctf0_2.38-4ubuntu2.12_amd64.deb ...
#6 312.7 Unpacking libctf0:amd64 (2.38-4ubuntu2.12) ...
#6 312.7 Selecting previously unselected package binutils-x86-64-linux-gnu.
#6 312.7 Preparing to unpack .../090-binutils-x86-64-linux-gnu_2.38-4ubuntu2.12_amd64.deb ...
#6 312.7 Unpacking binutils-x86-64-linux-gnu (2.38-4ubuntu2.12) ...
#6 312.8 Selecting previously unselected package binutils.
#6 312.8 Preparing to unpack .../091-binutils_2.38-4ubuntu2.12_amd64.deb ...
#6 312.8 Unpacking binutils (2.38-4ubuntu2.12) ...
#6 312.8 Selecting previously unselected package libc-dev-bin.
#6 312.8 Preparing to unpack .../092-libc-dev-bin_2.35-0ubuntu3.13_amd64.deb ...
#6 312.8 Unpacking libc-dev-bin (2.35-0ubuntu3.13) ...
#6 312.9 Selecting previously unselected package linux-libc-dev:amd64.
#6 312.9 Preparing to unpack .../093-linux-libc-dev_5.15.0-170.180_amd64.deb ...
#6 312.9 Unpacking linux-libc-dev:amd64 (5.15.0-170.180) ...
#6 313.1 Selecting previously unselected package libcrypt-dev:amd64.
#6 313.1 Preparing to unpack .../094-libcrypt-dev_1%3a4.4.27-1_amd64.deb ...
#6 313.1 Unpacking libcrypt-dev:amd64 (1:4.4.27-1) ...
#6 313.1 Selecting previously unselected package rpcsvc-proto.
#6 313.1 Preparing to unpack .../095-rpcsvc-proto_1.4.2-0ubuntu6_amd64.deb ...
#6 313.1 Unpacking rpcsvc-proto (1.4.2-0ubuntu6) ...
#6 313.2 Selecting previously unselected package libtirpc-dev:amd64.
#6 313.2 Preparing to unpack .../096-libtirpc-dev_1.3.2-2ubuntu0.1_amd64.deb ...
#6 313.2 Unpacking libtirpc-dev:amd64 (1.3.2-2ubuntu0.1) ...
#6 313.2 Selecting previously unselected package libnsl-dev:amd64.
#6 313.2 Preparing to unpack .../097-libnsl-dev_1.3.0-2build2_amd64.deb ...
#6 313.2 Unpacking libnsl-dev:amd64 (1.3.0-2build2) ...
#6 313.2 Selecting previously unselected package libc6-dev:amd64.
#6 313.2 Preparing to unpack .../098-libc6-dev_2.35-0ubuntu3.13_amd64.deb ...
#6 313.2 Unpacking libc6-dev:amd64 (2.35-0ubuntu3.13) ...
#6 313.4 Selecting previously unselected package gcc-11-base:amd64.
#6 313.4 Preparing to unpack .../099-gcc-11-base_11.4.0-1ubuntu1~22.04.2_amd64.deb ...
#6 313.4 Unpacking gcc-11-base:amd64 (11.4.0-1ubuntu1~22.04.2) ...
#6 313.4 Selecting previously unselected package libisl23:amd64.
#6 313.4 Preparing to unpack .../100-libisl23_0.24-2build1_amd64.deb ...
#6 313.5 Unpacking libisl23:amd64 (0.24-2build1) ...
#6 313.5 Selecting previously unselected package libmpfr6:amd64.
#6 313.5 Preparing to unpack .../101-libmpfr6_4.1.0-3build3_amd64.deb ...
#6 313.5 Unpacking libmpfr6:amd64 (4.1.0-3build3) ...
#6 313.5 Selecting previously unselected package libmpc3:amd64.
#6 313.5 Preparing to unpack .../102-libmpc3_1.2.1-2build1_amd64.deb ...
#6 313.5 Unpacking libmpc3:amd64 (1.2.1-2build1) ...
#6 313.5 Selecting previously unselected package cpp-11.
#6 313.6 Preparing to unpack .../103-cpp-11_11.4.0-1ubuntu1~22.04.2_amd64.deb ...
#6 313.6 Unpacking cpp-11 (11.4.0-1ubuntu1~22.04.2) ...
#6 313.7 Selecting previously unselected package cpp.
#6 313.7 Preparing to unpack .../104-cpp_4%3a11.2.0-1ubuntu1_amd64.deb ...
#6 313.7 Unpacking cpp (4:11.2.0-1ubuntu1) ...
#6 313.7 Selecting previously unselected package libcc1-0:amd64.
#6 313.7 Preparing to unpack .../105-libcc1-0_12.3.0-1ubuntu1~22.04.2_amd64.deb ...
#6 313.7 Unpacking libcc1-0:amd64 (12.3.0-1ubuntu1~22.04.2) ...
#6 313.7 Selecting previously unselected package libitm1:amd64.
#6 313.8 Preparing to unpack .../106-libitm1_12.3.0-1ubuntu1~22.04.2_amd64.deb ...
#6 313.8 Unpacking libitm1:amd64 (12.3.0-1ubuntu1~22.04.2) ...
#6 313.8 Selecting previously unselected package libatomic1:amd64.
#6 313.8 Preparing to unpack .../107-libatomic1_12.3.0-1ubuntu1~22.04.2_amd64.deb ...
#6 313.8 Unpacking libatomic1:amd64 (12.3.0-1ubuntu1~22.04.2) ...
#6 313.8 Selecting previously unselected package libasan6:amd64.
#6 313.8 Preparing to unpack .../108-libasan6_11.4.0-1ubuntu1~22.04.2_amd64.deb ...
#6 313.8 Unpacking libasan6:amd64 (11.4.0-1ubuntu1~22.04.2) ...
#6 313.9 Selecting previously unselected package liblsan0:amd64.
#6 313.9 Preparing to unpack .../109-liblsan0_12.3.0-1ubuntu1~22.04.2_amd64.deb ...
#6 313.9 Unpacking liblsan0:amd64 (12.3.0-1ubuntu1~22.04.2) ...
#6 313.9 Selecting previously unselected package libtsan0:amd64.
#6 313.9 Preparing to unpack .../110-libtsan0_11.4.0-1ubuntu1~22.04.2_amd64.deb ...
#6 313.9 Unpacking libtsan0:amd64 (11.4.0-1ubuntu1~22.04.2) ...
#6 314.0 Selecting previously unselected package libubsan1:amd64.
#6 314.0 Preparing to unpack .../111-libubsan1_12.3.0-1ubuntu1~22.04.2_amd64.deb ...
#6 314.0 Unpacking libubsan1:amd64 (12.3.0-1ubuntu1~22.04.2) ...
#6 314.1 Selecting previously unselected package libquadmath0:amd64.
#6 314.1 Preparing to unpack .../112-libquadmath0_12.3.0-1ubuntu1~22.04.2_amd64.deb ...
#6 314.2 Unpacking libquadmath0:amd64 (12.3.0-1ubuntu1~22.04.2) ...
#6 314.2 Selecting previously unselected package libgcc-11-dev:amd64.
#6 314.2 Preparing to unpack .../113-libgcc-11-dev_11.4.0-1ubuntu1~22.04.2_amd64.deb ...
#6 314.2 Unpacking libgcc-11-dev:amd64 (11.4.0-1ubuntu1~22.04.2) ...
#6 314.4 Selecting previously unselected package gcc-11.
#6 314.4 Preparing to unpack .../114-gcc-11_11.4.0-1ubuntu1~22.04.2_amd64.deb ...
#6 314.4 Unpacking gcc-11 (11.4.0-1ubuntu1~22.04.2) ...
#6 314.8 Selecting previously unselected package gcc.
#6 314.8 Preparing to unpack .../115-gcc_4%3a11.2.0-1ubuntu1_amd64.deb ...
#6 314.8 Unpacking gcc (4:11.2.0-1ubuntu1) ...
#6 314.8 Selecting previously unselected package libstdc++-11-dev:amd64.
#6 314.8 Preparing to unpack .../116-libstdc++-11-dev_11.4.0-1ubuntu1~22.04.2_amd64.deb ...
#6 314.8 Unpacking libstdc++-11-dev:amd64 (11.4.0-1ubuntu1~22.04.2) ...
#6 315.2 Selecting previously unselected package g++-11.
#6 315.2 Preparing to unpack .../117-g++-11_11.4.0-1ubuntu1~22.04.2_amd64.deb ...
#6 315.2 Unpacking g++-11 (11.4.0-1ubuntu1~22.04.2) ...
#6 318.1 Selecting previously unselected package g++.
#6 318.1 Preparing to unpack .../118-g++_4%3a11.2.0-1ubuntu1_amd64.deb ...
#6 318.1 Unpacking g++ (4:11.2.0-1ubuntu1) ...
#6 318.1 Selecting previously unselected package make.
#6 318.2 Preparing to unpack .../119-make_4.3-4.1build1_amd64.deb ...
#6 318.2 Unpacking make (4.3-4.1build1) ...
#6 318.2 Selecting previously unselected package libdpkg-perl.
#6 318.2 Preparing to unpack .../120-libdpkg-perl_1.21.1ubuntu2.6_all.deb ...
#6 318.2 Unpacking libdpkg-perl (1.21.1ubuntu2.6) ...
#6 318.3 Selecting previously unselected package bzip2.
#6 318.3 Preparing to unpack .../121-bzip2_1.0.8-5build1_amd64.deb ...
#6 318.3 Unpacking bzip2 (1.0.8-5build1) ...
#6 318.3 Selecting previously unselected package patch.
#6 318.3 Preparing to unpack .../122-patch_2.7.6-7build2_amd64.deb ...
#6 318.3 Unpacking patch (2.7.6-7build2) ...
#6 318.4 Selecting previously unselected package lto-disabled-list.
#6 318.4 Preparing to unpack .../123-lto-disabled-list_24_all.deb ...
#6 318.4 Unpacking lto-disabled-list (24) ...
#6 318.4 Selecting previously unselected package dpkg-dev.
#6 318.4 Preparing to unpack .../124-dpkg-dev_1.21.1ubuntu2.6_all.deb ...
#6 318.4 Unpacking dpkg-dev (1.21.1ubuntu2.6) ...
#6 318.5 Selecting previously unselected package build-essential.
#6 318.5 Preparing to unpack .../125-build-essential_12.9ubuntu3_amd64.deb ...
#6 318.5 Unpacking build-essential (12.9ubuntu3) ...
#6 318.5 Selecting previously unselected package libcaca0:amd64.
#6 318.5 Preparing to unpack .../126-libcaca0_0.99.beta19-2.2ubuntu4.1_amd64.deb ...
#6 318.5 Unpacking libcaca0:amd64 (0.99.beta19-2.2ubuntu4.1) ...
#6 318.6 Selecting previously unselected package libgif7:amd64.
#6 318.6 Preparing to unpack .../127-libgif7_5.1.9-2ubuntu0.1_amd64.deb ...
#6 318.6 Unpacking libgif7:amd64 (5.1.9-2ubuntu0.1) ...
#6 318.6 Selecting previously unselected package libid3tag0:amd64.
#6 318.6 Preparing to unpack .../128-libid3tag0_0.15.1b-14_amd64.deb ...
#6 318.6 Unpacking libid3tag0:amd64 (0.15.1b-14) ...
#6 318.7 Selecting previously unselected package libx11-xcb1:amd64.
#6 318.7 Preparing to unpack .../129-libx11-xcb1_2%3a1.7.5-1ubuntu0.3_amd64.deb ...
#6 318.7 Unpacking libx11-xcb1:amd64 (2:1.7.5-1ubuntu0.3) ...
#6 318.7 Selecting previously unselected package libxcb-shm0:amd64.
#6 318.7 Preparing to unpack .../130-libxcb-shm0_1.14-3ubuntu3_amd64.deb ...
#6 318.7 Unpacking libxcb-shm0:amd64 (1.14-3ubuntu3) ...
#6 318.8 Selecting previously unselected package libimlib2:amd64.
#6 318.8 Preparing to unpack .../131-libimlib2_1.7.4-1build1_amd64.deb ...
#6 318.8 Unpacking libimlib2:amd64 (1.7.4-1build1) ...
#6 318.8 Selecting previously unselected package caca-utils.
#6 318.8 Preparing to unpack .../132-caca-utils_0.99.beta19-2.2ubuntu4.1_amd64.deb ...
#6 318.8 Unpacking caca-utils (0.99.beta19-2.2ubuntu4.1) ...
#6 318.9 Selecting previously unselected package libchafa0:amd64.
#6 318.9 Preparing to unpack .../133-libchafa0_1.8.0-1_amd64.deb ...
#6 318.9 Unpacking libchafa0:amd64 (1.8.0-1) ...
#6 318.9 Selecting previously unselected package chafa.
#6 318.9 Preparing to unpack .../134-chafa_1.8.0-1_amd64.deb ...
#6 318.9 Unpacking chafa (1.8.0-1) ...
#6 319.0 Selecting previously unselected package libsasl2-modules-db:amd64.
#6 319.0 Preparing to unpack .../135-libsasl2-modules-db_2.1.27+dfsg2-3ubuntu1.2_amd64.deb ...
#6 319.0 Unpacking libsasl2-modules-db:amd64 (2.1.27+dfsg2-3ubuntu1.2) ...
#6 319.0 Selecting previously unselected package libsasl2-2:amd64.
#6 319.0 Preparing to unpack .../136-libsasl2-2_2.1.27+dfsg2-3ubuntu1.2_amd64.deb ...
#6 319.0 Unpacking libsasl2-2:amd64 (2.1.27+dfsg2-3ubuntu1.2) ...
#6 319.1 Selecting previously unselected package libldap-2.5-0:amd64.
#6 319.1 Preparing to unpack .../137-libldap-2.5-0_2.5.20+dfsg-0ubuntu0.22.04.1_amd64.deb ...
#6 319.1 Unpacking libldap-2.5-0:amd64 (2.5.20+dfsg-0ubuntu0.22.04.1) ...
#6 319.1 Selecting previously unselected package librtmp1:amd64.
#6 319.1 Preparing to unpack .../138-librtmp1_2.4+20151223.gitfa8646d.1-2build4_amd64.deb ...
#6 319.1 Unpacking librtmp1:amd64 (2.4+20151223.gitfa8646d.1-2build4) ...
#6 319.2 Selecting previously unselected package libssh-4:amd64.
#6 319.2 Preparing to unpack .../139-libssh-4_0.9.6-2ubuntu0.22.04.5_amd64.deb ...
#6 319.2 Unpacking libssh-4:amd64 (0.9.6-2ubuntu0.22.04.5) ...
#6 319.2 Selecting previously unselected package libcurl4:amd64.
#6 319.2 Preparing to unpack .../140-libcurl4_7.81.0-1ubuntu1.21_amd64.deb ...
#6 319.2 Unpacking libcurl4:amd64 (7.81.0-1ubuntu1.21) ...
#6 319.3 Selecting previously unselected package curl.
#6 319.3 Preparing to unpack .../141-curl_7.81.0-1ubuntu1.21_amd64.deb ...
#6 319.3 Unpacking curl (7.81.0-1ubuntu1.21) ...
#6 319.3 Selecting previously unselected package libassuan0:amd64.
#6 319.3 Preparing to unpack .../142-libassuan0_2.5.5-1build1_amd64.deb ...
#6 319.3 Unpacking libassuan0:amd64 (2.5.5-1build1) ...
#6 319.4 Selecting previously unselected package gpgconf.
#6 319.4 Preparing to unpack .../143-gpgconf_2.2.27-3ubuntu2.5_amd64.deb ...
#6 319.4 Unpacking gpgconf (2.2.27-3ubuntu2.5) ...
#6 319.4 Selecting previously unselected package libksba8:amd64.
#6 319.4 Preparing to unpack .../144-libksba8_1.6.0-2ubuntu0.2_amd64.deb ...
#6 319.4 Unpacking libksba8:amd64 (1.6.0-2ubuntu0.2) ...
#6 319.4 Selecting previously unselected package libnpth0:amd64.
#6 319.5 Preparing to unpack .../145-libnpth0_1.6-3build2_amd64.deb ...
#6 319.5 Unpacking libnpth0:amd64 (1.6-3build2) ...
#6 319.5 Selecting previously unselected package dirmngr.
#6 319.5 Preparing to unpack .../146-dirmngr_2.2.27-3ubuntu2.5_amd64.deb ...
#6 319.5 Unpacking dirmngr (2.2.27-3ubuntu2.5) ...
#6 319.6 Selecting previously unselected package libfakeroot:amd64.
#6 319.6 Preparing to unpack .../147-libfakeroot_1.28-1ubuntu1_amd64.deb ...
#6 319.6 Unpacking libfakeroot:amd64 (1.28-1ubuntu1) ...
#6 319.6 Selecting previously unselected package fakeroot.
#6 319.6 Preparing to unpack .../148-fakeroot_1.28-1ubuntu1_amd64.deb ...
#6 319.6 Unpacking fakeroot (1.28-1ubuntu1) ...
#6 319.7 Selecting previously unselected package fd-find.
#6 319.7 Preparing to unpack .../149-fd-find_8.3.1-1ubuntu0.1_amd64.deb ...
#6 319.7 Unpacking fd-find (8.3.1-1ubuntu0.1) ...
#6 319.7 Selecting previously unselected package figlet.
#6 319.7 Preparing to unpack .../150-figlet_2.2.5-3_amd64.deb ...
#6 319.7 Unpacking figlet (2.2.5-3) ...
#6 319.8 Selecting previously unselected package fontconfig.
#6 319.8 Preparing to unpack .../151-fontconfig_2.13.1-4.2ubuntu5_amd64.deb ...
#6 319.8 Unpacking fontconfig (2.13.1-4.2ubuntu5) ...
#6 319.8 Selecting previously unselected package fonts-noto-mono.
#6 319.9 Preparing to unpack .../152-fonts-noto-mono_20201225-1build1_all.deb ...
#6 319.9 Unpacking fonts-noto-mono (20201225-1build1) ...
#6 319.9 Selecting previously unselected package libgs9-common.
#6 319.9 Preparing to unpack .../153-libgs9-common_9.55.0~dfsg1-0ubuntu5.13_all.deb ...
#6 319.9 Unpacking libgs9-common (9.55.0~dfsg1-0ubuntu5.13) ...
#6 320.1 Selecting previously unselected package libavahi-common-data:amd64.
#6 320.1 Preparing to unpack .../154-libavahi-common-data_0.8-5ubuntu5.4_amd64.deb ...
#6 320.1 Unpacking libavahi-common-data:amd64 (0.8-5ubuntu5.4) ...
#6 320.3 Selecting previously unselected package libavahi-common3:amd64.
#6 320.3 Preparing to unpack .../155-libavahi-common3_0.8-5ubuntu5.4_amd64.deb ...
#6 320.3 Unpacking libavahi-common3:amd64 (0.8-5ubuntu5.4) ...
#6 320.5 Selecting previously unselected package libavahi-client3:amd64.
#6 320.5 Preparing to unpack .../156-libavahi-client3_0.8-5ubuntu5.4_amd64.deb ...
#6 320.5 Unpacking libavahi-client3:amd64 (0.8-5ubuntu5.4) ...
#6 320.6 Selecting previously unselected package libcups2:amd64.
#6 320.6 Preparing to unpack .../157-libcups2_2.4.1op1-1ubuntu4.16_amd64.deb ...
#6 320.6 Unpacking libcups2:amd64 (2.4.1op1-1ubuntu4.16) ...
#6 320.7 Selecting previously unselected package libidn12:amd64.
#6 320.7 Preparing to unpack .../158-libidn12_1.38-4ubuntu1_amd64.deb ...
#6 320.7 Unpacking libidn12:amd64 (1.38-4ubuntu1) ...
#6 320.8 Selecting previously unselected package libijs-0.35:amd64.
#6 320.8 Preparing to unpack .../159-libijs-0.35_0.35-15build2_amd64.deb ...
#6 320.9 Unpacking libijs-0.35:amd64 (0.35-15build2) ...
#6 321.0 Selecting previously unselected package libjbig2dec0:amd64.
#6 321.0 Preparing to unpack .../160-libjbig2dec0_0.19-3build2_amd64.deb ...
#6 321.0 Unpacking libjbig2dec0:amd64 (0.19-3build2) ...
#6 321.1 Selecting previously unselected package libpaper1:amd64.
#6 321.1 Preparing to unpack .../161-libpaper1_1.1.28build2_amd64.deb ...
#6 321.2 Unpacking libpaper1:amd64 (1.1.28build2) ...
#6 321.3 Selecting previously unselected package libgs9:amd64.
#6 321.3 Preparing to unpack .../162-libgs9_9.55.0~dfsg1-0ubuntu5.13_amd64.deb ...
#6 321.3 Unpacking libgs9:amd64 (9.55.0~dfsg1-0ubuntu5.13) ...
#6 321.5 Selecting previously unselected package ghostscript.
#6 321.5 Preparing to unpack .../163-ghostscript_9.55.0~dfsg1-0ubuntu5.13_amd64.deb ...
#6 321.5 Unpacking ghostscript (9.55.0~dfsg1-0ubuntu5.13) ...
#6 321.6 Selecting previously unselected package libcurl3-gnutls:amd64.
#6 321.6 Preparing to unpack .../164-libcurl3-gnutls_7.81.0-1ubuntu1.21_amd64.deb ...
#6 321.6 Unpacking libcurl3-gnutls:amd64 (7.81.0-1ubuntu1.21) ...
#6 321.7 Selecting previously unselected package liberror-perl.
#6 321.7 Preparing to unpack .../165-liberror-perl_0.17029-1_all.deb ...
#6 321.7 Unpacking liberror-perl (0.17029-1) ...
#6 321.8 Selecting previously unselected package git-man.
#6 321.8 Preparing to unpack .../166-git-man_1%3a2.34.1-1ubuntu1.15_all.deb ...
#6 321.8 Unpacking git-man (1:2.34.1-1ubuntu1.15) ...
#6 321.9 Selecting previously unselected package git.
#6 322.0 Preparing to unpack .../167-git_1%3a2.34.1-1ubuntu1.15_amd64.deb ...
#6 322.0 Unpacking git (1:2.34.1-1ubuntu1.15) ...
#6 322.3 Selecting previously unselected package gnupg-l10n.
#6 322.3 Preparing to unpack .../168-gnupg-l10n_2.2.27-3ubuntu2.5_all.deb ...
#6 322.3 Unpacking gnupg-l10n (2.2.27-3ubuntu2.5) ...
#6 322.4 Selecting previously unselected package gnupg-utils.
#6 322.4 Preparing to unpack .../169-gnupg-utils_2.2.27-3ubuntu2.5_amd64.deb ...
#6 322.4 Unpacking gnupg-utils (2.2.27-3ubuntu2.5) ...
#6 322.5 Selecting previously unselected package gpg.
#6 322.5 Preparing to unpack .../170-gpg_2.2.27-3ubuntu2.5_amd64.deb ...
#6 322.5 Unpacking gpg (2.2.27-3ubuntu2.5) ...
#6 322.6 Selecting previously unselected package pinentry-curses.
#6 322.6 Preparing to unpack .../171-pinentry-curses_1.1.1-1build2_amd64.deb ...
#6 322.6 Unpacking pinentry-curses (1.1.1-1build2) ...
#6 322.7 Selecting previously unselected package gpg-agent.
#6 322.7 Preparing to unpack .../172-gpg-agent_2.2.27-3ubuntu2.5_amd64.deb ...
#6 322.8 Unpacking gpg-agent (2.2.27-3ubuntu2.5) ...
#6 322.9 Selecting previously unselected package gpg-wks-client.
#6 322.9 Preparing to unpack .../173-gpg-wks-client_2.2.27-3ubuntu2.5_amd64.deb ...
#6 322.9 Unpacking gpg-wks-client (2.2.27-3ubuntu2.5) ...
#6 323.0 Selecting previously unselected package gpg-wks-server.
#6 323.0 Preparing to unpack .../174-gpg-wks-server_2.2.27-3ubuntu2.5_amd64.deb ...
#6 323.0 Unpacking gpg-wks-server (2.2.27-3ubuntu2.5) ...
#6 323.1 Selecting previously unselected package gpgsm.
#6 323.1 Preparing to unpack .../175-gpgsm_2.2.27-3ubuntu2.5_amd64.deb ...
#6 323.2 Unpacking gpgsm (2.2.27-3ubuntu2.5) ...
#6 323.3 Selecting previously unselected package gnupg.
#6 323.3 Preparing to unpack .../176-gnupg_2.2.27-3ubuntu2.5_all.deb ...
#6 323.3 Unpacking gnupg (2.2.27-3ubuntu2.5) ...
#6 323.4 Selecting previously unselected package gsfonts.
#6 323.4 Preparing to unpack .../177-gsfonts_1%3a8.11+urwcyr1.0.7~pre44-4.5_all.deb ...
#6 323.4 Unpacking gsfonts (1:8.11+urwcyr1.0.7~pre44-4.5) ...
#6 323.7 Selecting previously unselected package hicolor-icon-theme.
#6 323.7 Preparing to unpack .../178-hicolor-icon-theme_0.17-2_all.deb ...
#6 323.7 Unpacking hicolor-icon-theme (0.17-2) ...
#6 323.8 Selecting previously unselected package libnl-3-200:amd64.
#6 323.8 Preparing to unpack .../179-libnl-3-200_3.5.0-0.1_amd64.deb ...
#6 323.8 Unpacking libnl-3-200:amd64 (3.5.0-0.1) ...
#6 323.9 Selecting previously unselected package libnl-genl-3-200:amd64.
#6 323.9 Preparing to unpack .../180-libnl-genl-3-200_3.5.0-0.1_amd64.deb ...
#6 323.9 Unpacking libnl-genl-3-200:amd64 (3.5.0-0.1) ...
#6 324.0 Selecting previously unselected package htop.
#6 324.0 Preparing to unpack .../181-htop_3.0.5-7build2_amd64.deb ...
#6 324.0 Unpacking htop (3.0.5-7build2) ...
#6 324.0 Selecting previously unselected package imagemagick-6.q16.
#6 324.0 Preparing to unpack .../182-imagemagick-6.q16_8%3a6.9.11.60+dfsg-1.3ubuntu0.22.04.5_amd64.deb ...
#6 324.0 Unpacking imagemagick-6.q16 (8:6.9.11.60+dfsg-1.3ubuntu0.22.04.5) ...
#6 324.1 Selecting previously unselected package imagemagick.
#6 324.1 Preparing to unpack .../183-imagemagick_8%3a6.9.11.60+dfsg-1.3ubuntu0.22.04.5_amd64.deb ...
#6 324.1 Unpacking imagemagick (8:6.9.11.60+dfsg-1.3ubuntu0.22.04.5) ...
#6 324.1 Selecting previously unselected package javascript-common.
#6 324.1 Preparing to unpack .../184-javascript-common_11+nmu1_all.deb ...
#6 324.2 Unpacking javascript-common (11+nmu1) ...
#6 324.2 Selecting previously unselected package jp2a.
#6 324.2 Preparing to unpack .../185-jp2a_1.1.1-1_amd64.deb ...
#6 324.2 Unpacking jp2a (1.1.1-1) ...
#6 324.2 Selecting previously unselected package libalgorithm-diff-perl.
#6 324.2 Preparing to unpack .../186-libalgorithm-diff-perl_1.201-1_all.deb ...
#6 324.2 Unpacking libalgorithm-diff-perl (1.201-1) ...
#6 324.3 Selecting previously unselected package libalgorithm-diff-xs-perl.
#6 324.3 Preparing to unpack .../187-libalgorithm-diff-xs-perl_0.04-6build3_amd64.deb ...
#6 324.3 Unpacking libalgorithm-diff-xs-perl (0.04-6build3) ...
#6 324.3 Selecting previously unselected package libalgorithm-merge-perl.
#6 324.3 Preparing to unpack .../188-libalgorithm-merge-perl_0.08-3_all.deb ...
#6 324.3 Unpacking libalgorithm-merge-perl (0.08-3) ...
#6 324.4 Selecting previously unselected package libxpm4:amd64.
#6 324.4 Preparing to unpack .../189-libxpm4_1%3a3.5.12-1ubuntu0.22.04.2_amd64.deb ...
#6 324.4 Unpacking libxpm4:amd64 (1:3.5.12-1ubuntu0.22.04.2) ...
#6 324.4 Selecting previously unselected package libgd3:amd64.
#6 324.4 Preparing to unpack .../190-libgd3_2.3.0-2ubuntu2.3_amd64.deb ...
#6 324.4 Unpacking libgd3:amd64 (2.3.0-2ubuntu2.3) ...
#6 324.4 Selecting previously unselected package libc-devtools.
#6 324.4 Preparing to unpack .../191-libc-devtools_2.35-0ubuntu3.13_amd64.deb ...
#6 324.4 Unpacking libc-devtools (2.35-0ubuntu3.13) ...
#6 324.5 Selecting previously unselected package libpixman-1-0:amd64.
#6 324.5 Preparing to unpack .../192-libpixman-1-0_0.40.0-1ubuntu0.22.04.1_amd64.deb ...
#6 324.5 Unpacking libpixman-1-0:amd64 (0.40.0-1ubuntu0.22.04.1) ...
#6 324.5 Selecting previously unselected package libxcb-render0:amd64.
#6 324.5 Preparing to unpack .../193-libxcb-render0_1.14-3ubuntu3_amd64.deb ...
#6 324.5 Unpacking libxcb-render0:amd64 (1.14-3ubuntu3) ...
#6 324.6 Selecting previously unselected package libxrender1:amd64.
#6 324.6 Preparing to unpack .../194-libxrender1_1%3a0.9.10-1build4_amd64.deb ...
#6 324.6 Unpacking libxrender1:amd64 (1:0.9.10-1build4) ...
#6 324.6 Selecting previously unselected package libcairo2:amd64.
#6 324.6 Preparing to unpack .../195-libcairo2_1.16.0-5ubuntu2_amd64.deb ...
#6 324.6 Unpacking libcairo2:amd64 (1.16.0-5ubuntu2) ...
#6 324.7 Selecting previously unselected package libdatrie1:amd64.
#6 324.7 Preparing to unpack .../196-libdatrie1_0.2.13-2_amd64.deb ...
#6 324.7 Unpacking libdatrie1:amd64 (0.2.13-2) ...
#6 324.7 Selecting previously unselected package libdjvulibre-text.
#6 324.7 Preparing to unpack .../197-libdjvulibre-text_3.5.28-2ubuntu0.22.04.1_all.deb ...
#6 324.7 Unpacking libdjvulibre-text (3.5.28-2ubuntu0.22.04.1) ...
#6 324.7 Selecting previously unselected package libdjvulibre21:amd64.
#6 324.8 Preparing to unpack .../198-libdjvulibre21_3.5.28-2ubuntu0.22.04.1_amd64.deb ...
#6 324.8 Unpacking libdjvulibre21:amd64 (3.5.28-2ubuntu0.22.04.1) ...
#6 324.8 Selecting previously unselected package libexpat1-dev:amd64.
#6 324.8 Preparing to unpack .../199-libexpat1-dev_2.4.7-1ubuntu0.7_amd64.deb ...
#6 324.8 Unpacking libexpat1-dev:amd64 (2.4.7-1ubuntu0.7) ...
#6 324.8 Selecting previously unselected package libfile-fcntllock-perl.
#6 324.9 Preparing to unpack .../200-libfile-fcntllock-perl_0.22-3build7_amd64.deb ...
#6 324.9 Unpacking libfile-fcntllock-perl (0.22-3build7) ...
#6 324.9 Selecting previously unselected package libgc1:amd64.
#6 324.9 Preparing to unpack .../201-libgc1_1%3a8.0.6-1.1build1_amd64.deb ...
#6 324.9 Unpacking libgc1:amd64 (1:8.0.6-1.1build1) ...
#6 325.1 Selecting previously unselected package libgpm2:amd64.
#6 325.1 Preparing to unpack .../202-libgpm2_1.20.7-10build1_amd64.deb ...
#6 325.1 Unpacking libgpm2:amd64 (1.20.7-10build1) ...
#6 325.2 Selecting previously unselected package libgraphite2-3:amd64.
#6 325.2 Preparing to unpack .../203-libgraphite2-3_1.3.14-1build2_amd64.deb ...
#6 325.2 Unpacking libgraphite2-3:amd64 (1.3.14-1build2) ...
#6 325.2 Selecting previously unselected package libharfbuzz0b:amd64.
#6 325.2 Preparing to unpack .../204-libharfbuzz0b_2.7.4-1ubuntu3.2_amd64.deb ...
#6 325.2 Unpacking libharfbuzz0b:amd64 (2.7.4-1ubuntu3.2) ...
#6 325.3 Selecting previously unselected package libilmbase25:amd64.
#6 325.3 Preparing to unpack .../205-libilmbase25_2.5.7-2_amd64.deb ...
#6 325.3 Unpacking libilmbase25:amd64 (2.5.7-2) ...
#6 325.3 Selecting previously unselected package libjs-jquery.
#6 325.3 Preparing to unpack .../206-libjs-jquery_3.6.0+dfsg+~3.5.13-1_all.deb ...
#6 325.3 Unpacking libjs-jquery (3.6.0+dfsg+~3.5.13-1) ...
#6 325.4 Selecting previously unselected package libjs-underscore.
#6 325.4 Preparing to unpack .../207-libjs-underscore_1.13.2~dfsg-2_all.deb ...
#6 325.4 Unpacking libjs-underscore (1.13.2~dfsg-2) ...
#6 325.4 Selecting previously unselected package libjs-sphinxdoc.
#6 325.4 Preparing to unpack .../208-libjs-sphinxdoc_4.3.2-1_all.deb ...
#6 325.4 Unpacking libjs-sphinxdoc (4.3.2-1) ...
#6 325.5 Selecting previously unselected package libjxr0:amd64.
#6 325.5 Preparing to unpack .../209-libjxr0_1.2~git20170615.f752187-5_amd64.deb ...
#6 325.5 Unpacking libjxr0:amd64 (1.2~git20170615.f752187-5) ...
#6 325.5 Selecting previously unselected package libjxr-tools.
#6 325.5 Preparing to unpack .../210-libjxr-tools_1.2~git20170615.f752187-5_amd64.deb ...
#6 325.5 Unpacking libjxr-tools (1.2~git20170615.f752187-5) ...
#6 325.6 Selecting previously unselected package libldap-common.
#6 325.6 Preparing to unpack .../211-libldap-common_2.5.20+dfsg-0ubuntu0.22.04.1_all.deb ...
#6 325.6 Unpacking libldap-common (2.5.20+dfsg-0ubuntu0.22.04.1) ...
#6 325.6 Selecting previously unselected package libopenexr25:amd64.
#6 325.6 Preparing to unpack .../212-libopenexr25_2.5.7-1_amd64.deb ...
#6 325.6 Unpacking libopenexr25:amd64 (2.5.7-1) ...
#6 325.6 Selecting previously unselected package libthai-data.
#6 325.7 Preparing to unpack .../213-libthai-data_0.1.29-1build1_all.deb ...
#6 325.7 Unpacking libthai-data (0.1.29-1build1) ...
#6 325.7 Selecting previously unselected package libthai0:amd64.
#6 325.7 Preparing to unpack .../214-libthai0_0.1.29-1build1_amd64.deb ...
#6 325.7 Unpacking libthai0:amd64 (0.1.29-1build1) ...
#6 325.7 Selecting previously unselected package libpango-1.0-0:amd64.
#6 325.7 Preparing to unpack .../215-libpango-1.0-0_1.50.6+ds-2ubuntu1_amd64.deb ...
#6 325.7 Unpacking libpango-1.0-0:amd64 (1.50.6+ds-2ubuntu1) ...
#6 325.8 Selecting previously unselected package libpangoft2-1.0-0:amd64.
#6 325.8 Preparing to unpack .../216-libpangoft2-1.0-0_1.50.6+ds-2ubuntu1_amd64.deb ...
#6 325.8 Unpacking libpangoft2-1.0-0:amd64 (1.50.6+ds-2ubuntu1) ...
#6 325.8 Selecting previously unselected package libpangocairo-1.0-0:amd64.
#6 325.8 Preparing to unpack .../217-libpangocairo-1.0-0_1.50.6+ds-2ubuntu1_amd64.deb ...
#6 325.8 Unpacking libpangocairo-1.0-0:amd64 (1.50.6+ds-2ubuntu1) ...
#6 325.8 Selecting previously unselected package libwmflite-0.2-7:amd64.
#6 325.9 Preparing to unpack .../218-libwmflite-0.2-7_0.2.12-5ubuntu1_amd64.deb ...
#6 325.9 Unpacking libwmflite-0.2-7:amd64 (0.2.12-5ubuntu1) ...
#6 325.9 Selecting previously unselected package libmagickcore-6.q16-6-extra:amd64.
#6 325.9 Preparing to unpack .../219-libmagickcore-6.q16-6-extra_8%3a6.9.11.60+dfsg-1.3ubuntu0.22.04.5_amd64.deb ...
#6 325.9 Unpacking libmagickcore-6.q16-6-extra:amd64 (8:6.9.11.60+dfsg-1.3ubuntu0.22.04.5) ...
#6 325.9 Selecting previously unselected package libnetpbm10.
#6 325.9 Preparing to unpack .../220-libnetpbm10_2%3a10.0-15.4_amd64.deb ...
#6 325.9 Unpacking libnetpbm10 (2:10.0-15.4) ...
#6 326.0 Selecting previously unselected package libpaper-utils.
#6 326.0 Preparing to unpack .../221-libpaper-utils_1.1.28build2_amd64.deb ...
#6 326.0 Unpacking libpaper-utils (1.1.28build2) ...
#6 326.0 Selecting previously unselected package libpython3.10:amd64.
#6 326.0 Preparing to unpack .../222-libpython3.10_3.10.12-1~22.04.14_amd64.deb ...
#6 326.0 Unpacking libpython3.10:amd64 (3.10.12-1~22.04.14) ...
#6 326.1 Selecting previously unselected package zlib1g-dev:amd64.
#6 326.1 Preparing to unpack .../223-zlib1g-dev_1%3a1.2.11.dfsg-2ubuntu9.2_amd64.deb ...
#6 326.1 Unpacking zlib1g-dev:amd64 (1:1.2.11.dfsg-2ubuntu9.2) ...
#6 326.1 Selecting previously unselected package libpython3.10-dev:amd64.
#6 326.1 Preparing to unpack .../224-libpython3.10-dev_3.10.12-1~22.04.14_amd64.deb ...
#6 326.1 Unpacking libpython3.10-dev:amd64 (3.10.12-1~22.04.14) ...
#6 326.3 Selecting previously unselected package libpython3-dev:amd64.
#6 326.3 Preparing to unpack .../225-libpython3-dev_3.10.6-1~22.04.1_amd64.deb ...
#6 326.3 Unpacking libpython3-dev:amd64 (3.10.6-1~22.04.1) ...
#6 326.3 Selecting previously unselected package rubygems-integration.
#6 326.3 Preparing to unpack .../226-rubygems-integration_1.18_all.deb ...
#6 326.3 Unpacking rubygems-integration (1.18) ...
#6 326.4 Selecting previously unselected package ruby3.0.
#6 326.4 Preparing to unpack .../227-ruby3.0_3.0.2-7ubuntu2.11_amd64.deb ...
#6 326.4 Unpacking ruby3.0 (3.0.2-7ubuntu2.11) ...
#6 326.4 Selecting previously unselected package ruby-rubygems.
#6 326.4 Preparing to unpack .../228-ruby-rubygems_3.3.5-2ubuntu1.2_all.deb ...
#6 326.4 Unpacking ruby-rubygems (3.3.5-2ubuntu1.2) ...
#6 326.5 Selecting previously unselected package ruby.
#6 326.5 Preparing to unpack .../229-ruby_1%3a3.0~exp1_amd64.deb ...
#6 326.5 Unpacking ruby (1:3.0~exp1) ...
#6 326.6 Selecting previously unselected package rake.
#6 326.6 Preparing to unpack .../230-rake_13.0.6-2_all.deb ...
#6 326.6 Unpacking rake (13.0.6-2) ...
#6 326.6 Selecting previously unselected package ruby-net-telnet.
#6 326.6 Preparing to unpack .../231-ruby-net-telnet_0.1.1-2_all.deb ...
#6 326.6 Unpacking ruby-net-telnet (0.1.1-2) ...
#6 326.7 Selecting previously unselected package ruby-webrick.
#6 326.7 Preparing to unpack .../232-ruby-webrick_1.7.0-3ubuntu0.2_all.deb ...
#6 326.7 Unpacking ruby-webrick (1.7.0-3ubuntu0.2) ...
#6 326.7 Selecting previously unselected package ruby-xmlrpc.
#6 326.7 Preparing to unpack .../233-ruby-xmlrpc_0.3.2-1ubuntu0.1_all.deb ...
#6 326.7 Unpacking ruby-xmlrpc (0.3.2-1ubuntu0.1) ...
#6 326.7 Selecting previously unselected package libruby3.0:amd64.
#6 326.7 Preparing to unpack .../234-libruby3.0_3.0.2-7ubuntu2.11_amd64.deb ...
#6 326.7 Unpacking libruby3.0:amd64 (3.0.2-7ubuntu2.11) ...
#6 327.4 Selecting previously unselected package libsasl2-modules:amd64.
#6 327.5 Preparing to unpack .../235-libsasl2-modules_2.1.27+dfsg2-3ubuntu1.2_amd64.deb ...
#6 327.5 Unpacking libsasl2-modules:amd64 (2.1.27+dfsg2-3ubuntu1.2) ...
#6 327.5 Selecting previously unselected package libsodium23:amd64.
#6 327.5 Preparing to unpack .../236-libsodium23_1.0.18-1ubuntu0.22.04.1_amd64.deb ...
#6 327.5 Unpacking libsodium23:amd64 (1.0.18-1ubuntu0.22.04.1) ...
#6 327.6 Selecting previously unselected package manpages-dev.
#6 327.6 Preparing to unpack .../237-manpages-dev_5.10-1ubuntu1_all.deb ...
#6 327.6 Unpacking manpages-dev (5.10-1ubuntu1) ...
#6 327.9 Selecting previously unselected package neofetch.
#6 327.9 Preparing to unpack .../238-neofetch_7.1.0-3_all.deb ...
#6 327.9 Unpacking neofetch (7.1.0-3) ...
#6 328.0 Selecting previously unselected package netpbm.
#6 328.0 Preparing to unpack .../239-netpbm_2%3a10.0-15.4_amd64.deb ...
#6 328.0 Unpacking netpbm (2:10.0-15.4) ...
#6 328.2 Selecting previously unselected package python3.10-dev.
#6 328.2 Preparing to unpack .../240-python3.10-dev_3.10.12-1~22.04.14_amd64.deb ...
#6 328.2 Unpacking python3.10-dev (3.10.12-1~22.04.14) ...
#6 328.2 Selecting previously unselected package python3-lib2to3.
#6 328.2 Preparing to unpack .../241-python3-lib2to3_3.10.8-1~22.04_all.deb ...
#6 328.2 Unpacking python3-lib2to3 (3.10.8-1~22.04) ...
#6 328.3 Selecting previously unselected package python3-distutils.
#6 328.3 Preparing to unpack .../242-python3-distutils_3.10.8-1~22.04_all.deb ...
#6 328.3 Unpacking python3-distutils (3.10.8-1~22.04) ...
#6 328.5 Selecting previously unselected package python3-dev.
#6 328.5 Preparing to unpack .../243-python3-dev_3.10.6-1~22.04.1_amd64.deb ...
#6 328.5 Unpacking python3-dev (3.10.6-1~22.04.1) ...
#6 328.6 Selecting previously unselected package python3-setuptools.
#6 328.6 Preparing to unpack .../244-python3-setuptools_59.6.0-1.2ubuntu0.22.04.3_all.deb ...
#6 328.7 Unpacking python3-setuptools (59.6.0-1.2ubuntu0.22.04.3) ...
#6 328.9 Selecting previously unselected package python3-wheel.
#6 328.9 Preparing to unpack .../245-python3-wheel_0.37.1-2ubuntu0.22.04.1_all.deb ...
#6 328.9 Unpacking python3-wheel (0.37.1-2ubuntu0.22.04.1) ...
#6 329.1 Selecting previously unselected package python3-pip.
#6 329.2 Preparing to unpack .../246-python3-pip_22.0.2+dfsg-1ubuntu0.7_all.deb ...
#6 329.2 Unpacking python3-pip (22.0.2+dfsg-1ubuntu0.7) ...
#6 329.4 Selecting previously unselected package python3-pip-whl.
#6 329.4 Preparing to unpack .../247-python3-pip-whl_22.0.2+dfsg-1ubuntu0.7_all.deb ...
#6 329.5 Unpacking python3-pip-whl (22.0.2+dfsg-1ubuntu0.7) ...
#6 329.6 Selecting previously unselected package python3-setuptools-whl.
#6 329.6 Preparing to unpack .../248-python3-setuptools-whl_59.6.0-1.2ubuntu0.22.04.3_all.deb ...
#6 329.6 Unpacking python3-setuptools-whl (59.6.0-1.2ubuntu0.22.04.3) ...
#6 329.7 Selecting previously unselected package python3.10-venv.
#6 329.7 Preparing to unpack .../249-python3.10-venv_3.10.12-1~22.04.14_amd64.deb ...
#6 329.7 Unpacking python3.10-venv (3.10.12-1~22.04.14) ...
#6 329.8 Selecting previously unselected package python3-venv.
#6 329.8 Preparing to unpack .../250-python3-venv_3.10.6-1~22.04.1_amd64.deb ...
#6 329.8 Unpacking python3-venv (3.10.6-1~22.04.1) ...
#6 330.0 Selecting previously unselected package ripgrep.
#6 330.0 Preparing to unpack .../251-ripgrep_13.0.0-2ubuntu0.1_amd64.deb ...
#6 330.0 Unpacking ripgrep (13.0.0-2ubuntu0.1) ...
#6 330.1 Selecting previously unselected package ruby-optimist.
#6 330.2 Preparing to unpack .../252-ruby-optimist_3.0.0-2_all.deb ...
#6 330.2 Unpacking ruby-optimist (3.0.0-2) ...
#6 330.3 Selecting previously unselected package toilet-fonts.
#6 330.3 Preparing to unpack .../253-toilet-fonts_0.3-1.4_all.deb ...
#6 330.3 Unpacking toilet-fonts (0.3-1.4) ...
#6 330.4 Selecting previously unselected package toilet.
#6 330.4 Preparing to unpack .../254-toilet_0.3-1.4_amd64.deb ...
#6 330.4 Unpacking toilet (0.3-1.4) ...
#6 330.5 Selecting previously unselected package tree.
#6 330.5 Preparing to unpack .../255-tree_2.0.2-1_amd64.deb ...
#6 330.5 Unpacking tree (2.0.2-1) ...
#6 330.6 Selecting previously unselected package unzip.
#6 330.6 Preparing to unpack .../256-unzip_6.0-26ubuntu3.2_amd64.deb ...
#6 330.6 Unpacking unzip (6.0-26ubuntu3.2) ...
#6 330.7 Selecting previously unselected package vim-runtime.
#6 330.7 Preparing to unpack .../257-vim-runtime_2%3a8.2.3995-1ubuntu2.24_all.deb ...
#6 330.8 Adding 'diversion of /usr/share/vim/vim82/doc/help.txt to /usr/share/vim/vim82/doc/help.txt.vim-tiny by vim-runtime'
#6 330.8 Adding 'diversion of /usr/share/vim/vim82/doc/tags to /usr/share/vim/vim82/doc/tags.vim-tiny by vim-runtime'
#6 330.8 Unpacking vim-runtime (2:8.2.3995-1ubuntu2.24) ...
#6 331.8 Selecting previously unselected package vim.
#6 331.8 Preparing to unpack .../258-vim_2%3a8.2.3995-1ubuntu2.24_amd64.deb ...
#6 331.8 Unpacking vim (2:8.2.3995-1ubuntu2.24) ...
#6 332.1 Selecting previously unselected package w3m.
#6 332.1 Preparing to unpack .../259-w3m_0.5.3+git20210102-6ubuntu0.2_amd64.deb ...
#6 332.1 Unpacking w3m (0.5.3+git20210102-6ubuntu0.2) ...
#6 332.3 Selecting previously unselected package w3m-img.
#6 332.3 Preparing to unpack .../260-w3m-img_0.5.3+git20210102-6ubuntu0.2_amd64.deb ...
#6 332.4 Unpacking w3m-img (0.5.3+git20210102-6ubuntu0.2) ...
#6 332.5 Selecting previously unselected package zip.
#6 332.5 Preparing to unpack .../261-zip_3.0-12build2_amd64.deb ...
#6 332.6 Unpacking zip (3.0-12build2) ...
#6 332.7 Selecting previously unselected package libsixel1:amd64.
#6 332.7 Preparing to unpack .../262-libsixel1_1.10.3-3_amd64.deb ...
#6 332.7 Unpacking libsixel1:amd64 (1.10.3-3) ...
#6 332.9 Selecting previously unselected package libsixel-bin.
#6 332.9 Preparing to unpack .../263-libsixel-bin_1.10.3-3_amd64.deb ...
#6 332.9 Unpacking libsixel-bin (1.10.3-3) ...
#6 333.1 Selecting previously unselected package ruby-paint.
#6 333.1 Preparing to unpack .../264-ruby-paint_2.2.0-1_all.deb ...
#6 333.1 Unpacking ruby-paint (2.2.0-1) ...
#6 333.1 Selecting previously unselected package lolcat.
#6 333.2 Preparing to unpack .../265-lolcat_100.0.1-3_all.deb ...
#6 333.2 Unpacking lolcat (100.0.1-3) ...
#6 333.3 Setting up libksba8:amd64 (1.6.0-2ubuntu0.2) ...
#6 333.3 Setting up media-types (7.0.0) ...
#6 333.4 Setting up javascript-common (11+nmu1) ...
#6 333.4 Setting up libgraphite2-3:amd64 (1.3.14-1build2) ...
#6 333.5 Setting up liblcms2-2:amd64 (2.12~rc1-2build2) ...
#6 333.5 Setting up libpixman-1-0:amd64 (0.40.0-1ubuntu0.22.04.1) ...
#6 333.5 Setting up gcc-11-base:amd64 (11.4.0-1ubuntu1~22.04.2) ...
#6 333.5 Setting up libaom3:amd64 (3.3.0-1ubuntu0.1) ...
#6 333.5 Setting up libxau6:amd64 (1:1.0.9-1build5) ...
#6 333.6 Setting up imagemagick-6-common (8:6.9.11.60+dfsg-1.3ubuntu0.22.04.5) ...
#6 333.7 Setting up python3-setuptools-whl (59.6.0-1.2ubuntu0.22.04.3) ...
#6 333.7 Setting up lto-disabled-list (24) ...
#6 333.7 Setting up libapparmor1:amd64 (3.0.4-2ubuntu2.5) ...
#6 333.7 Setting up pci.ids (0.0~2022.01.22-1ubuntu0.1) ...
#6 333.8 Setting up libpsl5:amd64 (0.21.0-1.2build2) ...
#6 333.8 Setting up toilet-fonts (0.3-1.4) ...
#6 333.8 Setting up fonts-lato (2.0-2.1) ...
#6 333.8 Setting up libsodium23:amd64 (1.0.18-1ubuntu0.22.04.1) ...
#6 333.8 Setting up libgpm2:amd64 (1.20.7-10build1) ...
#6 333.9 Setting up fonts-noto-mono (20201225-1build1) ...
#6 333.9 Setting up wget (1.21.2-2ubuntu1.1) ...
#6 333.9 Setting up hicolor-icon-theme (0.17-2) ...
#6 333.9 Setting up libwmflite-0.2-7:amd64 (0.2.12-5ubuntu1) ...
#6 333.9 Setting up libdatrie1:amd64 (0.2.13-2) ...
#6 334.0 Setting up xdg-user-dirs (0.17-2ubuntu4) ...
#6 334.0 Setting up libyaml-0-2:amd64 (0.2.2-1build2) ...
#6 334.0 Setting up libglib2.0-0:amd64 (2.72.4-0ubuntu2.9) ...
#6 334.1 No schema files found: doing nothing.
#6 334.1 Setting up manpages (5.10-1ubuntu1) ...
#6 334.1 Setting up libijs-0.35:amd64 (0.35-15build2) ...
#6 334.1 Setting up libjxr0:amd64 (1.2~git20170615.f752187-5) ...
#6 334.1 Setting up unzip (6.0-26ubuntu3.2) ...
#6 334.2 Setting up libcbor0.8:amd64 (0.8.0-2ubuntu1) ...
#6 334.2 Setting up libbrotli1:amd64 (1.0.9-2build6) ...
#6 334.2 Setting up libsqlite3-0:amd64 (3.37.2-2ubuntu0.5) ...
#6 334.2 Setting up libsasl2-modules:amd64 (2.1.27+dfsg2-3ubuntu1.2) ...
#6 334.2 Setting up binutils-common:amd64 (2.38-4ubuntu2.12) ...
#6 334.3 Setting up libnghttp2-14:amd64 (1.43.0-1ubuntu0.2) ...
#6 334.3 Setting up libdeflate0:amd64 (1.10-2) ...
#6 334.3 Setting up less (590-1ubuntu0.22.04.3) ...
#6 334.3 Setting up linux-libc-dev:amd64 (5.15.0-170.180) ...
#6 334.3 Setting up libctf-nobfd0:amd64 (2.38-4ubuntu2.12) ...
#6 334.4 Setting up fd-find (8.3.1-1ubuntu0.1) ...
#6 334.4 Setting up libnpth0:amd64 (1.6-3build2) ...
#6 334.4 Setting up libilmbase25:amd64 (2.5.7-2) ...
#6 334.4 Setting up libnetpbm10 (2:10.0-15.4) ...
#6 334.4 Setting up fonts-urw-base35 (20200910-1) ...
#6 334.5 Setting up libassuan0:amd64 (2.5.5-1build1) ...
#6 334.6 Setting up libgomp1:amd64 (12.3.0-1ubuntu1~22.04.2) ...
#6 334.6 Setting up perl-modules-5.34 (5.34.0-3ubuntu1.5) ...
#6 334.6 Setting up bzip2 (1.0.8-5build1) ...
#6 334.6 Setting up libldap-common (2.5.20+dfsg-0ubuntu0.22.04.1) ...
#6 334.6 Setting up libjbig0:amd64 (2.1-3.1ubuntu0.22.04.1) ...
#6 334.6 Setting up xxd (2:8.2.3995-1ubuntu2.24) ...
#6 334.7 Setting up neofetch (7.1.0-3) ...
#6 334.7 Setting up libfakeroot:amd64 (1.28-1ubuntu1) ...
#6 334.7 Setting up libasan6:amd64 (11.4.0-1ubuntu1~22.04.2) ...
#6 334.7 Setting up poppler-data (0.4.11-1) ...
#6 334.8 Setting up libsasl2-modules-db:amd64 (2.1.27+dfsg2-3ubuntu1.2) ...
#6 334.8 Setting up libchafa0:amd64 (1.8.0-1) ...
#6 334.8 Setting up libopenexr25:amd64 (2.5.7-1) ...
#6 334.9 Setting up fakeroot (1.28-1ubuntu1) ...
#6 334.9 update-alternatives: using /usr/bin/fakeroot-sysv to provide /usr/bin/fakeroot (fakeroot) in auto mode
#6 334.9 update-alternatives: warning: skip creation of /usr/share/man/man1/fakeroot.1.gz because associated file /usr/share/man/man1/fakeroot-sysv.1.gz (of link group fakeroot) doesn't exist
#6 334.9 update-alternatives: warning: skip creation of /usr/share/man/man1/faked.1.gz because associated file /usr/share/man/man1/faked-sysv.1.gz (of link group fakeroot) doesn't exist
#6 334.9 update-alternatives: warning: skip creation of /usr/share/man/es/man1/fakeroot.1.gz because associated file /usr/share/man/es/man1/fakeroot-sysv.1.gz (of link group fakeroot) doesn't exist
#6 334.9 update-alternatives: warning: skip creation of /usr/share/man/es/man1/faked.1.gz because associated file /usr/share/man/es/man1/faked-sysv.1.gz (of link group fakeroot) doesn't exist
#6 334.9 update-alternatives: warning: skip creation of /usr/share/man/fr/man1/fakeroot.1.gz because associated file /usr/share/man/fr/man1/fakeroot-sysv.1.gz (of link group fakeroot) doesn't exist
#6 334.9 update-alternatives: warning: skip creation of /usr/share/man/fr/man1/faked.1.gz because associated file /usr/share/man/fr/man1/faked-sysv.1.gz (of link group fakeroot) doesn't exist
#6 334.9 update-alternatives: warning: skip creation of /usr/share/man/sv/man1/fakeroot.1.gz because associated file /usr/share/man/sv/man1/fakeroot-sysv.1.gz (of link group fakeroot) doesn't exist
#6 334.9 update-alternatives: warning: skip creation of /usr/share/man/sv/man1/faked.1.gz because associated file /usr/share/man/sv/man1/faked-sysv.1.gz (of link group fakeroot) doesn't exist
#6 334.9 Setting up ruby-paint (2.2.0-1) ...
#6 334.9 Setting up libid3tag0:amd64 (0.15.1b-14) ...
#6 334.9 Setting up zip (3.0-12build2) ...
#6 334.9 Setting up libglib2.0-data (2.72.4-0ubuntu2.9) ...
#6 335.0 Setting up libtirpc-dev:amd64 (1.3.2-2ubuntu0.1) ...
#6 335.0 Setting up rpcsvc-proto (1.4.2-0ubuntu6) ...
#6 335.0 Setting up vim-common (2:8.2.3995-1ubuntu2.24) ...
#6 335.0 Setting up libslang2:amd64 (2.3.2-5build4) ...
#6 335.1 Setting up libx11-data (2:1.7.5-1ubuntu0.3) ...
#6 335.1 Setting up make (4.3-4.1build1) ...
#6 335.1 Setting up libmpfr6:amd64 (4.1.0-3build3) ...
#6 335.1 Setting up gnupg-l10n (2.2.27-3ubuntu2.5) ...
#6 335.2 Setting up libjbig2dec0:amd64 (0.19-3build2) ...
#6 335.2 Setting up librtmp1:amd64 (2.4+20151223.gitfa8646d.1-2build4) ...
#6 335.2 Setting up bash-completion (1:2.11-5ubuntu1) ...
#6 335.3 Setting up ruby-optimist (3.0.0-2) ...
#6 335.3 Setting up gsfonts (1:8.11+urwcyr1.0.7~pre44-4.5) ...
#6 335.3 Setting up libavahi-common-data:amd64 (0.8-5ubuntu5.4) ...
#6 335.4 Setting up libdbus-1-3:amd64 (1.12.20-2ubuntu4.1) ...
#6 335.4 Setting up ruby-net-telnet (0.1.1-2) ...
#6 335.4 Setting up dbus (1.12.20-2ubuntu4.1) ...
#6 335.7 Setting up xz-utils (5.2.5-2ubuntu1) ...
#6 335.7 update-alternatives: using /usr/bin/xz to provide /usr/bin/lzma (lzma) in auto mode
#6 335.7 update-alternatives: warning: skip creation of /usr/share/man/man1/lzma.1.gz because associated file /usr/share/man/man1/xz.1.gz (of link group lzma) doesn't exist
#6 335.7 update-alternatives: warning: skip creation of /usr/share/man/man1/unlzma.1.gz because associated file /usr/share/man/man1/unxz.1.gz (of link group lzma) doesn't exist
#6 335.7 update-alternatives: warning: skip creation of /usr/share/man/man1/lzcat.1.gz because associated file /usr/share/man/man1/xzcat.1.gz (of link group lzma) doesn't exist
#6 335.7 update-alternatives: warning: skip creation of /usr/share/man/man1/lzmore.1.gz because associated file /usr/share/man/man1/xzmore.1.gz (of link group lzma) doesn't exist
#6 335.7 update-alternatives: warning: skip creation of /usr/share/man/man1/lzless.1.gz because associated file /usr/share/man/man1/xzless.1.gz (of link group lzma) doesn't exist
#6 335.7 update-alternatives: warning: skip creation of /usr/share/man/man1/lzdiff.1.gz because associated file /usr/share/man/man1/xzdiff.1.gz (of link group lzma) doesn't exist
#6 335.7 update-alternatives: warning: skip creation of /usr/share/man/man1/lzcmp.1.gz because associated file /usr/share/man/man1/xzcmp.1.gz (of link group lzma) doesn't exist
#6 335.7 update-alternatives: warning: skip creation of /usr/share/man/man1/lzgrep.1.gz because associated file /usr/share/man/man1/xzgrep.1.gz (of link group lzma) doesn't exist
#6 335.7 update-alternatives: warning: skip creation of /usr/share/man/man1/lzegrep.1.gz because associated file /usr/share/man/man1/xzegrep.1.gz (of link group lzma) doesn't exist
#6 335.7 update-alternatives: warning: skip creation of /usr/share/man/man1/lzfgrep.1.gz because associated file /usr/share/man/man1/xzfgrep.1.gz (of link group lzma) doesn't exist
#6 335.7 Setting up libfribidi0:amd64 (1.0.8-2ubuntu3.1) ...
#6 335.7 Setting up libquadmath0:amd64 (12.3.0-1ubuntu1~22.04.2) ...
#6 335.7 Setting up libsixel1:amd64 (1.10.3-3) ...
#6 335.7 Setting up figlet (2.2.5-3) ...
#6 335.7 update-alternatives: using /usr/bin/figlet-figlet to provide /usr/bin/figlet (figlet) in auto mode
#6 335.7 update-alternatives: warning: skip creation of /usr/share/man/man6/figlet.6.gz because associated file /usr/share/man/man6/figlet-figlet.6.gz (of link group figlet) doesn't exist
#6 335.7 Setting up libpng16-16:amd64 (1.6.37-3ubuntu0.3) ...
#6 335.7 Setting up tree (2.0.2-1) ...
#6 335.7 Setting up libmpc3:amd64 (1.2.1-2build1) ...
#6 335.7 Setting up libatomic1:amd64 (12.3.0-1ubuntu1~22.04.2) ...
#6 335.7 Setting up libidn12:amd64 (1.38-4ubuntu1) ...
#6 335.8 Setting up patch (2.7.6-7build2) ...
#6 335.8 Setting up sudo (1.9.9-1ubuntu2.5) ...
#6 335.9 Setting up fonts-dejavu-core (2.37-2build1) ...
#6 335.9 Setting up ucf (3.0043) ...
#6 336.1 Setting up libjpeg-turbo8:amd64 (2.1.2-0ubuntu1) ...
#6 336.1 Setting up libgc1:amd64 (1:8.0.6-1.1build1) ...
#6 336.1 Setting up libltdl7:amd64 (2.4.6-15build2) ...
#6 336.1 Setting up libfftw3-double3:amd64 (3.3.8-2ubuntu8) ...
#6 336.1 Setting up libsasl2-2:amd64 (2.1.27+dfsg2-3ubuntu1.2) ...
#6 336.1 Setting up libssh-4:amd64 (0.9.6-2ubuntu0.22.04.5) ...
#6 336.1 Setting up libwebp7:amd64 (1.2.2-2ubuntu0.22.04.2) ...
#6 336.1 Setting up ruby-webrick (1.7.0-3ubuntu0.2) ...
#6 336.1 Setting up libubsan1:amd64 (12.3.0-1ubuntu1~22.04.2) ...
#6 336.1 Setting up libgif7:amd64 (5.1.9-2ubuntu0.1) ...
#6 336.1 Setting up nano (6.2-1ubuntu0.1) ...
#6 336.2 update-alternatives: using /bin/nano to provide /usr/bin/editor (editor) in auto mode
#6 336.2 update-alternatives: warning: skip creation of /usr/share/man/man1/editor.1.gz because associated file /usr/share/man/man1/nano.1.gz (of link group editor) doesn't exist
#6 336.2 update-alternatives: using /bin/nano to provide /usr/bin/pico (pico) in auto mode
#6 336.2 update-alternatives: warning: skip creation of /usr/share/man/man1/pico.1.gz because associated file /usr/share/man/man1/nano.1.gz (of link group pico) doesn't exist
#6 336.2 Setting up libpci3:amd64 (1:3.7.0-6) ...
#6 336.2 Setting up libnuma1:amd64 (2.0.14-3ubuntu2) ...
#6 336.2 Setting up libmd0:amd64 (1.0.4-1build1) ...
#6 336.2 Setting up liblqr-1-0:amd64 (0.4.2-2.1) ...
#6 336.2 Setting up libnsl-dev:amd64 (1.3.0-2build2) ...
#6 336.2 Setting up ripgrep (13.0.0-2ubuntu0.1) ...
#6 336.2 Setting up libcrypt-dev:amd64 (1:4.4.27-1) ...
#6 336.2 Setting up libnl-3-200:amd64 (3.5.0-0.1) ...
#6 336.2 Setting up libmpdec3:amd64 (2.5.1-2build2) ...
#6 336.2 Setting up libopenjp2-7:amd64 (2.4.0-6ubuntu0.4) ...
#6 336.2 Setting up git-man (1:2.34.1-1ubuntu1.15) ...
#6 336.2 Setting up libthai-data (0.1.29-1build1) ...
#6 336.3 Setting up netbase (6.3) ...
#6 336.3 Setting up fonts-droid-fallback (1:6.0.1r16-1.1build1) ...
#6 336.3 Setting up libdjvulibre-text (3.5.28-2ubuntu0.22.04.1) ...
#6 336.3 Setting up libjs-jquery (3.6.0+dfsg+~3.5.13-1) ...
#6 336.3 Setting up libbinutils:amd64 (2.38-4ubuntu2.12) ...
#6 336.3 Setting up vim-runtime (2:8.2.3995-1ubuntu2.24) ...
#6 336.5 Setting up libdav1d5:amd64 (0.9.2-1) ...
#6 336.5 Setting up libfido2-1:amd64 (1.10.0-1) ...
#6 336.5 Setting up libisl23:amd64 (0.24-2build1) ...
#6 336.5 Setting up libde265-0:amd64 (1.0.8-1ubuntu0.3) ...
#6 336.5 Setting up libc-dev-bin (2.35-0ubuntu3.13) ...
#6 336.5 Setting up openssl (3.0.2-0ubuntu1.21) ...
#6 336.5 Setting up libwebpmux3:amd64 (1.2.2-2ubuntu0.22.04.2) ...
#6 336.6 Setting up libbsd0:amd64 (0.11.5-1) ...
#6 336.6 Setting up readline-common (8.1.2-1) ...
#6 336.6 Setting up ruby-xmlrpc (0.3.2-1ubuntu0.1) ...
#6 336.6 Setting up publicsuffix (20211207.1025-1) ...
#6 336.6 Setting up libcc1-0:amd64 (12.3.0-1ubuntu1~22.04.2) ...
#6 336.6 Setting up liblocale-gettext-perl (1.07-4build3) ...
#6 336.6 Setting up liblsan0:amd64 (12.3.0-1ubuntu1~22.04.2) ...
#6 336.6 Setting up libitm1:amd64 (12.3.0-1ubuntu1~22.04.2) ...
#6 336.6 Setting up libkmod2:amd64 (29-1ubuntu1) ...
#6 336.6 Setting up libgdbm6:amd64 (1.23-1) ...
#6 336.6 Setting up libjs-underscore (1.13.2~dfsg-2) ...
#6 336.6 Setting up libicu70:amd64 (70.1-2) ...
#6 336.6 Setting up libtsan0:amd64 (11.4.0-1ubuntu1~22.04.2) ...
#6 336.7 Setting up libctf0:amd64 (2.38-4ubuntu2.12) ...
#6 336.7 Setting up libjpeg8:amd64 (8c-2ubuntu10) ...
#6 336.7 Setting up pinentry-curses (1.1.1-1build2) ...
#6 336.7 Setting up libgs9-common (9.55.0~dfsg1-0ubuntu5.13) ...
#6 336.7 Setting up cpp-11 (11.4.0-1ubuntu1~22.04.2) ...
#6 336.7 Setting up libpaper1:amd64 (1.1.28build2) ...
#6 336.9 
#6 336.9 Creating config file /etc/papersize with new version
#6 337.0 Setting up manpages-dev (5.10-1ubuntu1) ...
#6 337.0 Setting up libxdmcp6:amd64 (1:1.1.3-0ubuntu5) ...
#6 337.0 Setting up libxcb1:amd64 (1.14-3ubuntu3) ...
#6 337.0 Setting up libjxr-tools (1.2~git20170615.f752187-5) ...
#6 337.0 Setting up libcaca0:amd64 (0.99.beta19-2.2ubuntu4.1) ...
#6 337.0 Setting up toilet (0.3-1.4) ...
#6 337.0 Setting up libxcb-render0:amd64 (1.14-3ubuntu3) ...
#6 337.0 Setting up fontconfig-config (2.13.1-4.2ubuntu5) ...
#6 337.1 Setting up libwebpdemux2:amd64 (1.2.2-2ubuntu0.22.04.2) ...
#6 337.1 Setting up libedit2:amd64 (3.1-20210910-1build1) ...
#6 337.1 Setting up libreadline8:amd64 (8.1.2-1) ...
#6 337.2 Setting up libdjvulibre21:amd64 (3.5.28-2ubuntu0.22.04.1) ...
#6 337.2 Setting up libavahi-common3:amd64 (0.8-5ubuntu5.4) ...
#6 337.2 Setting up libxcb-shm0:amd64 (1.14-3ubuntu3) ...
#6 337.2 Setting up libpaper-utils (1.1.28build2) ...
#6 337.2 Setting up libsixel-bin (1.10.3-3) ...
#6 337.2 Setting up libldap-2.5-0:amd64 (2.5.20+dfsg-0ubuntu0.22.04.1) ...
#6 337.2 Setting up libpython3.10-stdlib:amd64 (3.10.12-1~22.04.14) ...
#6 337.2 Setting up libthai0:amd64 (0.1.29-1build1) ...
#6 337.2 Setting up ca-certificates (20240203~22.04.1) ...
#6 338.0 Updating certificates in /etc/ssl/certs...
#6 339.0 146 added, 0 removed; done.
#6 339.0 Setting up w3m (0.5.3+git20210102-6ubuntu0.2) ...
#6 339.0 Setting up libfreetype6:amd64 (2.11.1+dfsg-1ubuntu0.3) ...
#6 339.1 Setting up libgdbm-compat4:amd64 (1.23-1) ...
#6 339.1 Setting up pciutils (1:3.7.0-6) ...
#6 339.1 Setting up libjs-sphinxdoc (4.3.2-1) ...
#6 339.1 Setting up libx265-199:amd64 (3.5-2) ...
#6 339.1 Setting up libgcc-11-dev:amd64 (11.4.0-1ubuntu1~22.04.2) ...
#6 339.1 Setting up cpp (4:11.2.0-1ubuntu1) ...
#6 339.1 Setting up libnl-genl-3-200:amd64 (3.5.0-0.1) ...
#6 339.1 Setting up gpgconf (2.2.27-3ubuntu2.5) ...
#6 339.1 Setting up libcurl4:amd64 (7.81.0-1ubuntu1.21) ...
#6 339.1 Setting up libc6-dev:amd64 (2.35-0ubuntu3.13) ...
#6 339.1 Setting up libx11-6:amd64 (2:1.7.5-1ubuntu0.3) ...
#6 339.1 Setting up libharfbuzz0b:amd64 (2.7.4-1ubuntu3.2) ...
#6 339.1 Setting up libtiff5:amd64 (4.3.0-6ubuntu0.12) ...
#6 339.1 Setting up curl (7.81.0-1ubuntu1.21) ...
#6 339.1 Setting up libfontconfig1:amd64 (2.13.1-4.2ubuntu5) ...
#6 339.2 Setting up libxml2:amd64 (2.9.13+dfsg-1ubuntu0.11) ...
#6 339.2 Setting up libavahi-client3:amd64 (0.8-5ubuntu5.4) ...
#6 339.2 Setting up libxmuu1:amd64 (2:1.1.3-3) ...
#6 339.2 Setting up gpg (2.2.27-3ubuntu2.5) ...
#6 339.2 Setting up libpython3-stdlib:amd64 (3.10.6-1~22.04.1) ...
#6 339.2 Setting up gnupg-utils (2.2.27-3ubuntu2.5) ...
#6 339.2 Setting up binutils-x86-64-linux-gnu (2.38-4ubuntu2.12) ...
#6 339.2 Setting up libx11-xcb1:amd64 (2:1.7.5-1ubuntu0.3) ...
#6 339.2 Setting up libpython3.10:amd64 (3.10.12-1~22.04.14) ...
#6 339.2 Setting up fontconfig (2.13.1-4.2ubuntu5) ...
#6 339.2 Regenerating fonts cache... done.
#6 342.0 Setting up libperl5.34:amd64 (5.34.0-3ubuntu1.5) ...
#6 342.0 Setting up vim (2:8.2.3995-1ubuntu2.24) ...
#6 342.0 update-alternatives: using /usr/bin/vim.basic to provide /usr/bin/vim (vim) in auto mode
#6 342.1 update-alternatives: using /usr/bin/vim.basic to provide /usr/bin/vimdiff (vimdiff) in auto mode
#6 342.1 update-alternatives: using /usr/bin/vim.basic to provide /usr/bin/rvim (rvim) in auto mode
#6 342.1 update-alternatives: using /usr/bin/vim.basic to provide /usr/bin/rview (rview) in auto mode
#6 342.1 update-alternatives: using /usr/bin/vim.basic to provide /usr/bin/vi (vi) in auto mode
#6 342.1 update-alternatives: warning: skip creation of /usr/share/man/da/man1/vi.1.gz because associated file /usr/share/man/da/man1/vim.1.gz (of link group vi) doesn't exist
#6 342.1 update-alternatives: warning: skip creation of /usr/share/man/de/man1/vi.1.gz because associated file /usr/share/man/de/man1/vim.1.gz (of link group vi) doesn't exist
#6 342.1 update-alternatives: warning: skip creation of /usr/share/man/fr/man1/vi.1.gz because associated file /usr/share/man/fr/man1/vim.1.gz (of link group vi) doesn't exist
#6 342.1 update-alternatives: warning: skip creation of /usr/share/man/it/man1/vi.1.gz because associated file /usr/share/man/it/man1/vim.1.gz (of link group vi) doesn't exist
#6 342.1 update-alternatives: warning: skip creation of /usr/share/man/ja/man1/vi.1.gz because associated file /usr/share/man/ja/man1/vim.1.gz (of link group vi) doesn't exist
#6 342.1 update-alternatives: warning: skip creation of /usr/share/man/pl/man1/vi.1.gz because associated file /usr/share/man/pl/man1/vim.1.gz (of link group vi) doesn't exist
#6 342.1 update-alternatives: warning: skip creation of /usr/share/man/ru/man1/vi.1.gz because associated file /usr/share/man/ru/man1/vim.1.gz (of link group vi) doesn't exist
#6 342.1 update-alternatives: warning: skip creation of /usr/share/man/man1/vi.1.gz because associated file /usr/share/man/man1/vim.1.gz (of link group vi) doesn't exist
#6 342.1 update-alternatives: using /usr/bin/vim.basic to provide /usr/bin/view (view) in auto mode
#6 342.1 update-alternatives: warning: skip creation of /usr/share/man/da/man1/view.1.gz because associated file /usr/share/man/da/man1/vim.1.gz (of link group view) doesn't exist
#6 342.1 update-alternatives: warning: skip creation of /usr/share/man/de/man1/view.1.gz because associated file /usr/share/man/de/man1/vim.1.gz (of link group view) doesn't exist
#6 342.1 update-alternatives: warning: skip creation of /usr/share/man/fr/man1/view.1.gz because associated file /usr/share/man/fr/man1/vim.1.gz (of link group view) doesn't exist
#6 342.1 update-alternatives: warning: skip creation of /usr/share/man/it/man1/view.1.gz because associated file /usr/share/man/it/man1/vim.1.gz (of link group view) doesn't exist
#6 342.1 update-alternatives: warning: skip creation of /usr/share/man/ja/man1/view.1.gz because associated file /usr/share/man/ja/man1/vim.1.gz (of link group view) doesn't exist
#6 342.1 update-alternatives: warning: skip creation of /usr/share/man/pl/man1/view.1.gz because associated file /usr/share/man/pl/man1/vim.1.gz (of link group view) doesn't exist
#6 342.1 update-alternatives: warning: skip creation of /usr/share/man/ru/man1/view.1.gz because associated file /usr/share/man/ru/man1/vim.1.gz (of link group view) doesn't exist
#6 342.1 update-alternatives: warning: skip creation of /usr/share/man/man1/view.1.gz because associated file /usr/share/man/man1/vim.1.gz (of link group view) doesn't exist
#6 342.1 update-alternatives: using /usr/bin/vim.basic to provide /usr/bin/ex (ex) in auto mode
#6 342.1 update-alternatives: warning: skip creation of /usr/share/man/da/man1/ex.1.gz because associated file /usr/share/man/da/man1/vim.1.gz (of link group ex) doesn't exist
#6 342.1 update-alternatives: warning: skip creation of /usr/share/man/de/man1/ex.1.gz because associated file /usr/share/man/de/man1/vim.1.gz (of link group ex) doesn't exist
#6 342.1 update-alternatives: warning: skip creation of /usr/share/man/fr/man1/ex.1.gz because associated file /usr/share/man/fr/man1/vim.1.gz (of link group ex) doesn't exist
#6 342.1 update-alternatives: warning: skip creation of /usr/share/man/it/man1/ex.1.gz because associated file /usr/share/man/it/man1/vim.1.gz (of link group ex) doesn't exist
#6 342.1 update-alternatives: warning: skip creation of /usr/share/man/ja/man1/ex.1.gz because associated file /usr/share/man/ja/man1/vim.1.gz (of link group ex) doesn't exist
#6 342.1 update-alternatives: warning: skip creation of /usr/share/man/pl/man1/ex.1.gz because associated file /usr/share/man/pl/man1/vim.1.gz (of link group ex) doesn't exist
#6 342.1 update-alternatives: warning: skip creation of /usr/share/man/ru/man1/ex.1.gz because associated file /usr/share/man/ru/man1/vim.1.gz (of link group ex) doesn't exist
#6 342.1 update-alternatives: warning: skip creation of /usr/share/man/man1/ex.1.gz because associated file /usr/share/man/man1/vim.1.gz (of link group ex) doesn't exist
#6 342.1 Setting up gpg-agent (2.2.27-3ubuntu2.5) ...
#6 343.0 Setting up python3.10 (3.10.12-1~22.04.14) ...
#6 344.2 Setting up libxpm4:amd64 (1:3.5.12-1ubuntu0.22.04.2) ...
#6 344.2 Setting up libxrender1:amd64 (1:0.9.10-1build4) ...
#6 344.2 Setting up python3-pip-whl (22.0.2+dfsg-1ubuntu0.7) ...
#6 344.3 Setting up htop (3.0.5-7build2) ...
#6 344.3 Setting up openssh-client (1:8.9p1-3ubuntu0.13) ...
#6 344.4 update-alternatives: using /usr/bin/ssh to provide /usr/bin/rsh (rsh) in auto mode
#6 344.4 update-alternatives: warning: skip creation of /usr/share/man/man1/rsh.1.gz because associated file /usr/share/man/man1/ssh.1.gz (of link group rsh) doesn't exist
#6 344.4 update-alternatives: using /usr/bin/slogin to provide /usr/bin/rlogin (rlogin) in auto mode
#6 344.4 update-alternatives: warning: skip creation of /usr/share/man/man1/rlogin.1.gz because associated file /usr/share/man/man1/slogin.1.gz (of link group rlogin) doesn't exist
#6 344.4 update-alternatives: using /usr/bin/scp to provide /usr/bin/rcp (rcp) in auto mode
#6 344.4 update-alternatives: warning: skip creation of /usr/share/man/man1/rcp.1.gz because associated file /usr/share/man/man1/scp.1.gz (of link group rcp) doesn't exist
#6 344.4 Setting up gpgsm (2.2.27-3ubuntu2.5) ...
#6 344.5 Setting up libpango-1.0-0:amd64 (1.50.6+ds-2ubuntu1) ...
#6 344.5 Setting up libheif1:amd64 (1.12.0-2build1) ...
#6 344.5 Setting up libxext6:amd64 (2:1.3.4-1build1) ...
#6 344.5 Setting up libcurl3-gnutls:amd64 (7.81.0-1ubuntu1.21) ...
#6 344.5 Setting up python3 (3.10.6-1~22.04.1) ...
#6 344.7 Setting up rubygems-integration (1.18) ...
#6 344.8 Setting up binutils (2.38-4ubuntu2.12) ...
#6 344.8 Setting up libcairo2:amd64 (1.16.0-5ubuntu2) ...
#6 344.8 Setting up dirmngr (2.2.27-3ubuntu2.5) ...
#6 345.1 Setting up libmagickcore-6.q16-6:amd64 (8:6.9.11.60+dfsg-1.3ubuntu0.22.04.5) ...
#6 345.1 Setting up perl (5.34.0-3ubuntu1.5) ...
#6 345.1 Setting up libexpat1-dev:amd64 (2.4.7-1ubuntu0.7) ...
#6 345.2 Setting up shared-mime-info (2.1-2) ...
#6 348.5 Setting up libgd3:amd64 (2.3.0-2ubuntu2.3) ...
#6 348.5 Setting up libimlib2:amd64 (1.7.4-1build1) ...
#6 348.5 Setting up netpbm (2:10.0-15.4) ...
#6 348.5 Setting up libdpkg-perl (1.21.1ubuntu2.6) ...
#6 348.5 Setting up libstdc++-11-dev:amd64 (11.4.0-1ubuntu1~22.04.2) ...
#6 348.6 Setting up gpg-wks-server (2.2.27-3ubuntu2.5) ...
#6 348.6 Setting up libcups2:amd64 (2.4.1op1-1ubuntu4.16) ...
#6 348.6 Setting up zlib1g-dev:amd64 (1:1.2.11.dfsg-2ubuntu9.2) ...
#6 348.6 Setting up gcc-11 (11.4.0-1ubuntu1~22.04.2) ...
#6 348.6 Setting up xauth (1:1.1-1build2) ...
#6 348.6 Setting up w3m-img (0.5.3+git20210102-6ubuntu0.2) ...
#6 348.6 Setting up libmagickwand-6.q16-6:amd64 (8:6.9.11.60+dfsg-1.3ubuntu0.22.04.5) ...
#6 348.6 Setting up libpangoft2-1.0-0:amd64 (1.50.6+ds-2ubuntu1) ...
#6 348.6 Setting up python3-lib2to3 (3.10.8-1~22.04) ...
#6 348.8 Setting up libpangocairo-1.0-0:amd64 (1.50.6+ds-2ubuntu1) ...
#6 348.8 Setting up libc-devtools (2.35-0ubuntu3.13) ...
#6 348.9 Setting up python3-pkg-resources (59.6.0-1.2ubuntu0.22.04.3) ...
#6 349.2 Setting up python3-distutils (3.10.8-1~22.04) ...
#6 349.4 Setting up python3.10-venv (3.10.12-1~22.04.14) ...
#6 349.5 Setting up python3-setuptools (59.6.0-1.2ubuntu0.22.04.3) ...
#6 350.1 Setting up libgs9:amd64 (9.55.0~dfsg1-0ubuntu5.13) ...
#6 350.2 Setting up caca-utils (0.99.beta19-2.2ubuntu4.1) ...
#6 350.2 Setting up gpg-wks-client (2.2.27-3ubuntu2.5) ...
#6 350.2 Setting up libmagickcore-6.q16-6-extra:amd64 (8:6.9.11.60+dfsg-1.3ubuntu0.22.04.5) ...
#6 350.3 Setting up g++-11 (11.4.0-1ubuntu1~22.04.2) ...
#6 350.3 Setting up libfile-fcntllock-perl (0.22-3build7) ...
#6 350.3 Setting up libalgorithm-diff-perl (1.201-1) ...
#6 350.3 Setting up chafa (1.8.0-1) ...
#6 350.4 Setting up jp2a (1.1.1-1) ...
#6 350.4 Setting up ghostscript (9.55.0~dfsg1-0ubuntu5.13) ...
#6 350.4 Setting up python3-wheel (0.37.1-2ubuntu0.22.04.1) ...
#6 350.6 Setting up gcc (4:11.2.0-1ubuntu1) ...
#6 350.7 Setting up dpkg-dev (1.21.1ubuntu2.6) ...
#6 350.7 Setting up liberror-perl (0.17029-1) ...
#6 350.7 Setting up python3-venv (3.10.6-1~22.04.1) ...
#6 350.7 Setting up libpython3.10-dev:amd64 (3.10.12-1~22.04.14) ...
#6 350.7 Setting up git (1:2.34.1-1ubuntu1.15) ...
#6 350.8 Setting up python3-pip (22.0.2+dfsg-1ubuntu0.7) ...
#6 352.7 Setting up imagemagick-6.q16 (8:6.9.11.60+dfsg-1.3ubuntu0.22.04.5) ...
#6 352.7 update-alternatives: using /usr/bin/compare-im6.q16 to provide /usr/bin/compare (compare) in auto mode
#6 352.7 update-alternatives: warning: skip creation of /usr/share/man/man1/compare.1.gz because associated file /usr/share/man/man1/compare-im6.q16.1.gz (of link group compare) doesn't exist
#6 352.7 update-alternatives: using /usr/bin/compare-im6.q16 to provide /usr/bin/compare-im6 (compare-im6) in auto mode
#6 352.7 update-alternatives: warning: skip creation of /usr/share/man/man1/compare-im6.1.gz because associated file /usr/share/man/man1/compare-im6.q16.1.gz (of link group compare-im6) doesn't exist
#6 352.7 update-alternatives: using /usr/bin/animate-im6.q16 to provide /usr/bin/animate (animate) in auto mode
#6 352.7 update-alternatives: warning: skip creation of /usr/share/man/man1/animate.1.gz because associated file /usr/share/man/man1/animate-im6.q16.1.gz (of link group animate) doesn't exist
#6 352.7 update-alternatives: using /usr/bin/animate-im6.q16 to provide /usr/bin/animate-im6 (animate-im6) in auto mode
#6 352.7 update-alternatives: warning: skip creation of /usr/share/man/man1/animate-im6.1.gz because associated file /usr/share/man/man1/animate-im6.q16.1.gz (of link group animate-im6) doesn't exist
#6 352.7 update-alternatives: using /usr/bin/convert-im6.q16 to provide /usr/bin/convert (convert) in auto mode
#6 352.7 update-alternatives: warning: skip creation of /usr/share/man/man1/convert.1.gz because associated file /usr/share/man/man1/convert-im6.q16.1.gz (of link group convert) doesn't exist
#6 352.8 update-alternatives: using /usr/bin/convert-im6.q16 to provide /usr/bin/convert-im6 (convert-im6) in auto mode
#6 352.8 update-alternatives: warning: skip creation of /usr/share/man/man1/convert-im6.1.gz because associated file /usr/share/man/man1/convert-im6.q16.1.gz (of link group convert-im6) doesn't exist
#6 352.8 update-alternatives: using /usr/bin/composite-im6.q16 to provide /usr/bin/composite (composite) in auto mode
#6 352.8 update-alternatives: warning: skip creation of /usr/share/man/man1/composite.1.gz because associated file /usr/share/man/man1/composite-im6.q16.1.gz (of link group composite) doesn't exist
#6 352.8 update-alternatives: using /usr/bin/composite-im6.q16 to provide /usr/bin/composite-im6 (composite-im6) in auto mode
#6 352.8 update-alternatives: warning: skip creation of /usr/share/man/man1/composite-im6.1.gz because associated file /usr/share/man/man1/composite-im6.q16.1.gz (of link group composite-im6) doesn't exist
#6 352.8 update-alternatives: using /usr/bin/conjure-im6.q16 to provide /usr/bin/conjure (conjure) in auto mode
#6 352.8 update-alternatives: warning: skip creation of /usr/share/man/man1/conjure.1.gz because associated file /usr/share/man/man1/conjure-im6.q16.1.gz (of link group conjure) doesn't exist
#6 352.8 update-alternatives: using /usr/bin/conjure-im6.q16 to provide /usr/bin/conjure-im6 (conjure-im6) in auto mode
#6 352.8 update-alternatives: warning: skip creation of /usr/share/man/man1/conjure-im6.1.gz because associated file /usr/share/man/man1/conjure-im6.q16.1.gz (of link group conjure-im6) doesn't exist
#6 352.8 update-alternatives: using /usr/bin/import-im6.q16 to provide /usr/bin/import (import) in auto mode
#6 352.8 update-alternatives: warning: skip creation of /usr/share/man/man1/import.1.gz because associated file /usr/share/man/man1/import-im6.q16.1.gz (of link group import) doesn't exist
#6 352.8 update-alternatives: using /usr/bin/import-im6.q16 to provide /usr/bin/import-im6 (import-im6) in auto mode
#6 352.8 update-alternatives: warning: skip creation of /usr/share/man/man1/import-im6.1.gz because associated file /usr/share/man/man1/import-im6.q16.1.gz (of link group import-im6) doesn't exist
#6 352.8 update-alternatives: using /usr/bin/identify-im6.q16 to provide /usr/bin/identify (identify) in auto mode
#6 352.8 update-alternatives: warning: skip creation of /usr/share/man/man1/identify.1.gz because associated file /usr/share/man/man1/identify-im6.q16.1.gz (of link group identify) doesn't exist
#6 352.8 update-alternatives: using /usr/bin/identify-im6.q16 to provide /usr/bin/identify-im6 (identify-im6) in auto mode
#6 352.8 update-alternatives: warning: skip creation of /usr/share/man/man1/identify-im6.1.gz because associated file /usr/share/man/man1/identify-im6.q16.1.gz (of link group identify-im6) doesn't exist
#6 352.8 update-alternatives: using /usr/bin/stream-im6.q16 to provide /usr/bin/stream (stream) in auto mode
#6 352.8 update-alternatives: warning: skip creation of /usr/share/man/man1/stream.1.gz because associated file /usr/share/man/man1/stream-im6.q16.1.gz (of link group stream) doesn't exist
#6 352.9 update-alternatives: using /usr/bin/stream-im6.q16 to provide /usr/bin/stream-im6 (stream-im6) in auto mode
#6 352.9 update-alternatives: warning: skip creation of /usr/share/man/man1/stream-im6.1.gz because associated file /usr/share/man/man1/stream-im6.q16.1.gz (of link group stream-im6) doesn't exist
#6 352.9 update-alternatives: using /usr/bin/display-im6.q16 to provide /usr/bin/display (display) in auto mode
#6 352.9 update-alternatives: warning: skip creation of /usr/share/man/man1/display.1.gz because associated file /usr/share/man/man1/display-im6.q16.1.gz (of link group display) doesn't exist
#6 352.9 update-alternatives: using /usr/bin/display-im6.q16 to provide /usr/bin/display-im6 (display-im6) in auto mode
#6 352.9 update-alternatives: warning: skip creation of /usr/share/man/man1/display-im6.1.gz because associated file /usr/share/man/man1/display-im6.q16.1.gz (of link group display-im6) doesn't exist
#6 352.9 update-alternatives: using /usr/bin/montage-im6.q16 to provide /usr/bin/montage (montage) in auto mode
#6 352.9 update-alternatives: warning: skip creation of /usr/share/man/man1/montage.1.gz because associated file /usr/share/man/man1/montage-im6.q16.1.gz (of link group montage) doesn't exist
#6 352.9 update-alternatives: using /usr/bin/montage-im6.q16 to provide /usr/bin/montage-im6 (montage-im6) in auto mode
#6 352.9 update-alternatives: warning: skip creation of /usr/share/man/man1/montage-im6.1.gz because associated file /usr/share/man/man1/montage-im6.q16.1.gz (of link group montage-im6) doesn't exist
#6 352.9 update-alternatives: using /usr/bin/mogrify-im6.q16 to provide /usr/bin/mogrify (mogrify) in auto mode
#6 352.9 update-alternatives: warning: skip creation of /usr/share/man/man1/mogrify.1.gz because associated file /usr/share/man/man1/mogrify-im6.q16.1.gz (of link group mogrify) doesn't exist
#6 352.9 update-alternatives: using /usr/bin/mogrify-im6.q16 to provide /usr/bin/mogrify-im6 (mogrify-im6) in auto mode
#6 352.9 update-alternatives: warning: skip creation of /usr/share/man/man1/mogrify-im6.1.gz because associated file /usr/share/man/man1/mogrify-im6.q16.1.gz (of link group mogrify-im6) doesn't exist
#6 352.9 Setting up python3.10-dev (3.10.12-1~22.04.14) ...
#6 353.0 Setting up g++ (4:11.2.0-1ubuntu1) ...
#6 353.0 update-alternatives: using /usr/bin/g++ to provide /usr/bin/c++ (c++) in auto mode
#6 353.0 update-alternatives: warning: skip creation of /usr/share/man/man1/c++.1.gz because associated file /usr/share/man/man1/g++.1.gz (of link group c++) doesn't exist
#6 353.0 Setting up gnupg (2.2.27-3ubuntu2.5) ...
#6 353.1 Setting up build-essential (12.9ubuntu3) ...
#6 353.1 Setting up libalgorithm-diff-xs-perl (0.04-6build3) ...
#6 353.1 Setting up libalgorithm-merge-perl (0.08-3) ...
#6 353.2 Setting up libpython3-dev:amd64 (3.10.6-1~22.04.1) ...
#6 353.2 Setting up python3-dev (3.10.6-1~22.04.1) ...
#6 353.2 Setting up imagemagick (8:6.9.11.60+dfsg-1.3ubuntu0.22.04.5) ...
#6 353.3 Setting up rake (13.0.6-2) ...
#6 353.3 Setting up libruby3.0:amd64 (3.0.2-7ubuntu2.11) ...
#6 353.4 Setting up ruby-rubygems (3.3.5-2ubuntu1.2) ...
#6 354.4 Setting up ruby3.0 (3.0.2-7ubuntu2.11) ...
#6 354.4 Setting up ruby (1:3.0~exp1) ...
#6 354.4 Setting up lolcat (100.0.1-3) ...
#6 354.5 Processing triggers for libc-bin (2.35-0ubuntu3.11) ...
#6 354.6 Processing triggers for ca-certificates (20240203~22.04.1) ...
#6 354.6 Updating certificates in /etc/ssl/certs...
#6 355.4 0 added, 0 removed; done.
#6 355.4 Running hooks in /etc/ca-certificates/update.d...
#6 355.4 done.
#6 DONE 356.2s

#7 [ 3/17] RUN curl -fsSL https://ollama.com/install.sh | sh
#7 1.158 >>> Installing ollama to /usr/local
#7 2.540 ERROR: This version requires zstd for extraction. Please install zstd and try again:
#7 2.540   - Debian/Ubuntu: sudo apt-get install zstd
#7 2.540   - RHEL/CentOS/Fedora: sudo dnf install zstd
#7 2.540   - Arch: sudo pacman -S zstd
#7 ERROR: process "/bin/sh -c curl -fsSL https://ollama.com/install.sh | sh" did not complete successfully: exit code: 1
------
 > [ 3/17] RUN curl -fsSL https://ollama.com/install.sh | sh:
1.158 >>> Installing ollama to /usr/local
2.540 ERROR: This version requires zstd for extraction. Please install zstd and try again:
2.540   - Debian/Ubuntu: sudo apt-get install zstd
2.540   - RHEL/CentOS/Fedora: sudo dnf install zstd
2.540   - Arch: sudo pacman -S zstd
------
Dockerfile:41
--------------------
  39 |     
  40 |     # Install Ollama
  41 | >>> RUN curl -fsSL https://ollama.com/install.sh | sh
  42 |     
  43 |     # Create tide user
--------------------
ERROR: failed to build: failed to solve: process "/bin/sh -c curl -fsSL https://ollama.com/install.sh | sh" did not complete successfully: exit code: 1
